<?xml version="1.0" encoding="windows-1252"?>
<Collection name="Form Wizard" guid="{B5D1FE5B-71EC-403D-90E8-01AE7F8E18AD}" system="No" updatable="Yes" blockNavigatorNode="No" onInstallAddonGuid="{B1F99A92-DD9C-4C64-9A13-6415EC0975F1}">
	<HelpLink></HelpLink>
	<Help></Help>
	<!--
		install
	-->
	<Addon name="Form Wizard Install" guid="{B1F99A92-DD9C-4C64-9A13-6415EC0975F1}" type="Add-on">
		<DotNetClass><![CDATA[Contensive.Addon.aoFormWizard3.Views.OnInstallClass]]></DotNetClass>
	</Addon>
	<!--
		form widget
	-->
	<Addon name="Form Widget" guid="{8284FA0C-6C9D-43E1-9E57-8E9DD35D2DCC}" type="Add-on">
		<htmldocument>Yes</htmldocument>
    	<AliasList>Dynamic Form,Form Widget</AliasList>
		<Copy></Copy>
		<CopyText></CopyText>
		<DotNetClass><![CDATA[Contensive.Addon.aoFormWizard3.Views.FormWidget]]></DotNetClass>
		<ArgumentList><![CDATA[ ]]></ArgumentList>
		<AsAjax>No</AsAjax>
		<Filter>No</Filter>
		<Help></Help>
		<HelpLink></HelpLink>
		<Icon Link="" width="0" height="0" sprites="0" />
		<InIframe>No</InIframe>
		<BlockEditTools>Yes</BlockEditTools>
		<FormXML></FormXML>
		<IsInline>No</IsInline>
		<JavascriptInHead></JavascriptInHead>
		<javascriptForceHead>No</javascriptForceHead>
		<JSHeadScriptSrc></JSHeadScriptSrc>
		<!-- deprecated --><JSBodyScriptSrc></JSBodyScriptSrc>
		<!-- deprecated --><JavascriptBodyEnd></JavascriptBodyEnd>
		<!-- deprecated --><JavascriptOnLoad></JavascriptOnLoad>
		<Content>Yes</Content>
		<Template>No</Template>
		<Email>No</Email>
		<Admin>Yes</Admin>
		<Category>Applications.Advanced Forms</Category>
		<OnPageEndEvent>No</OnPageEndEvent>
		<OnPageStartEvent>No</OnPageStartEvent>
		<OnBodyStart>No</OnBodyStart>
		<OnBodyEnd>No</OnBodyEnd>
		<RemoteMethod>No</RemoteMethod>
		<ProcessRunOnce>No</ProcessRunOnce>
		<ProcessInterval>0</ProcessInterval>
		<MetaDescription></MetaDescription>
		<OtherHeadTags></OtherHeadTags>
		<PageTitle></PageTitle>
		<RemoteAssetLink></RemoteAssetLink>
		<Styles></Styles>
		<styleslinkhref></styleslinkhref>
		<Scripting Language="VBScript" EntryPoint="" Timeout="0"/>
		<instanceSettingPrimaryContentId><![CDATA[Form Widgets]]></instanceSettingPrimaryContentId>
		<IncludeAddon name="JQuery" guid="{9C882078-0DAC-48E3-AD4B-CF2AA230DF80}"/>
		<IncludeAddon name="jQuery BlockUI" guid="{F6087787-E01E-4E09-AC02-502D0387E048}"/>
	</Addon>
	<!--
		create test data, non-portal tool
	-->
	<Addon name="Create Form Test Data" guid="{5BBDCA38-D992-48D4-87DE-E3B2C125D786}" type="Tool">
		<DotNetClass><![CDATA[Contensive.Addon.aoFormWizard3.Addons.CreateTestDataTool]]></DotNetClass>
		<Admin>Yes</Admin>
	</Addon>
	<!--
		portal
	-->
	<Data>
		<Record content="Portals" guid="{D5B3AF11-0AD2-4E4B-B39C-81953591B673}" name="Forms">
			<field name="defaultfeatureid"> </field>
			<field name="collectionid">{b5d1fe5b-71ec-403d-90e8-01ae7f8e18ad}</field>
			<field Name="icon">formwizard\dashboardIcons\form.svg</field>
		</Record>
	</Data>
	<!-- 
		Tools:
	-->
	<Data>
		<Record content="portal features" guid="{db62c2b2-720c-4c27-852a-bbd4f3887baa}" name="Form-Tools">
			<field name="portalId">{D5B3AF11-0AD2-4E4B-B39C-81953591B673}</field>
			<field name="parentfeatureid"></field>
			<field name="addonid"></field>
			<field name="datacontentid"></field>
			<field name="heading">Tools</field>
			<field name="sortorder">Tools</field>
		</Record>
	</Data>
	<!-- 
		Application Scoring Tool
	-->
	<Data>	
		<Record content="portal features" guid="{47734771-F400-45D2-9B5A-E76A60B3EECA}" name="Form-Tools,Application Scoring">
			<field name="portalid">{D5B3AF11-0AD2-4E4B-B39C-81953591B673}</field>
			<field name="parentfeatureid">{db62c2b2-720c-4c27-852a-bbd4f3887baa}</field>
			<field name="addonid">{7D3BD03E-5A92-4228-8278-3115CF6C7B1E}</field>
			<field name="datacontentid"></field>
			<field name="heading">Application Scoring</field>
			<field name="sortorder">Application Scoring</field>
		</Record>
	</Data>	
	<Addon name="Application Scoring Widget" guid="{7D3BD03E-5A92-4228-8278-3115CF6C7B1E}" type="Add-on">
		<htmldocument>Yes</htmldocument>
    	<AliasList>Application Scoring</AliasList>
		<DotNetClass>Contensive.Addon.aoFormWizard3.Addons.ApplicationScoresWidget</DotNetClass>
		<BlockEditTools>Yes</BlockEditTools>
		<Content>Yes</Content>
		<Admin>Yes</Admin>
		<Category>Applications.Advanced Forms</Category>
		<instanceSettingPrimaryContentId><![CDATA[Application Score Widgets]]></instanceSettingPrimaryContentId>
		<IncludeAddon name="JQuery" guid="{9C882078-0DAC-48E3-AD4B-CF2AA230DF80}"/>
		<IncludeAddon name="jQuery BlockUI" guid="{F6087787-E01E-4E09-AC02-502D0387E048}"/>
	</Addon>
	<!-- 
		Export Form Data Tool
	-->
	<Data>	
		<Record content="portal features" guid="{a9836451-6813-409c-be36-b4ce1cad8deb}" name="Form-Tools,Export Form Data">
			<field name="portalid">{D5B3AF11-0AD2-4E4B-B39C-81953591B673}</field>
			<field name="parentfeatureid">{db62c2b2-720c-4c27-852a-bbd4f3887baa}</field>
			<field name="addonid">{8C838E47-E38F-4001-84BD-6CC83883ABEB}</field>
			<field name="datacontentid"></field>
			<field name="heading">Export Form Data</field>
			<field name="sortorder">Export Form Data</field>
		</Record>
	</Data>
	<Addon name="Export Form Data" guid="{8C838E47-E38F-4001-84BD-6CC83883ABEB}" type="Tool">
		<DotNetClass><![CDATA[Contensive.Addon.aoFormWizard3.Addons.ExportFormDataTool]]></DotNetClass>
		<Admin>Yes</Admin>
		<RemoteMethod>yes</RemoteMethod>
	</Addon>
	<!-- 
		Sample Form Widget
	-->
	<Data>
		<Record content="portal features" guid="{2D0712E9-8052-4A16-BF76-E33782B5F377}" name="Form,Sample Form Widget">
			<field name="portalId">{D5B3AF11-0AD2-4E4B-B39C-81953591B673}</field>
			<field name="parentFeatureId"></field>
			<field name="addonId">{996B7069-1F0B-453E-A246-DAF08D869B95}</field>
			<field name="dataContentId"></field>
			<field name="Heading"></field>
			<field name="sortorder"></field>
			<!--  -->
			<field name="active">false</field>
		</Record>	
	</Data>
	<Addon Name="Sample Form Pie Chart Widget" Guid="{996B7069-1F0B-453E-A246-DAF08D869B95}" Type="Add-on">
		<DashboardWidget>Yes</DashboardWidget>
		<DotNetClass><![CDATA[Contensive.Addon.aoFormWizard3.Addons.WidgetDashboardWidgets.SampleFormWidget]]></DotNetClass>
	</Addon>

	<!-- 
		Form Widget List
	-->
	<Data>
		<Record content="portal features" guid="{F043F3E1-1F5D-4D6E-A2D9-45124EE66D72}" name="Forms">
			<field name="portalId">{D5B3AF11-0AD2-4E4B-B39C-81953591B673}</field>
			<field name="parentFeatureId"></field>
			<field name="addonId">{F2E3D417-8C2B-49FF-A568-57A04414A8A1}</field>
			<field name="dataContentId"></field>
			<field name="Heading"><![CDATA[Forms]]></field>
			<field name="SortOrder"><![CDATA[010]]></field>
		</Record>
	</Data>
	<Addon name="Form List" guid="{F2E3D417-8C2B-49FF-A568-57A04414A8A1}" type="Add-on">
		<DotNetClass><![CDATA[Contensive.Addon.aoFormWizard3.Addons.WidgetDashboardWidgets.FormWidgetListAddon]]></DotNetClass>
	</Addon>

	<!-- 
		Form Widget Edit
	-->
	<Data>
		<Record content="portal features" guid="{D527F5BF-DF35-49F5-B03F-E8F6BC65A454}" name="Form Edit">
			<field name="portalId">{D5B3AF11-0AD2-4E4B-B39C-81953591B673}</field>
			<field name="parentFeatureId">{F043F3E1-1F5D-4D6E-A2D9-45124EE66D72}</field>
			<field name="addonId">{3F37844D-8C72-4C77-924E-BAD55734ACCB}</field>
			<field name="dataContentId"></field>
			<field name="Heading"><![CDATA[Form Edit]]></field>
			<field name="SortOrder"><![CDATA[010]]></field>
		</Record>
	</Data>
	<Addon name="Form Widget Edit" guid="{3F37844D-8C72-4C77-924E-BAD55734ACCB}" type="Add-on">
		<DotNetClass><![CDATA[Contensive.Addon.aoFormWizard3.Addons.WidgetDashboardWidgets.FormWidgetEditAddon]]></DotNetClass>
	</Addon>

	<!-- 
		Form Page List
	-->
	<Data>
		<Record content="portal features" guid="{66DD89C8-9AFB-43C7-9A67-4092E4F9819B}" name="Form-Pages">
			<field name="portalId">{D5B3AF11-0AD2-4E4B-B39C-81953591B673}</field>
			<field name="parentFeatureId">{F043F3E1-1F5D-4D6E-A2D9-45124EE66D72}</field>
			<field name="addonId">{17319699-1BDB-420D-8B17-A21B04198321}</field>
			<field name="dataContentId"></field>
			<field name="Heading"><![CDATA[Form-Pages]]></field>
			<field name="SortOrder"><![CDATA[020]]></field>
		</Record>
	</Data>
	<Addon name="Form Page List" guid="{17319699-1BDB-420D-8B17-A21B04198321}" type="Add-on">
		<DotNetClass><![CDATA[Contensive.Addon.aoFormWizard3.Addons.WidgetDashboardWidgets.FormPageListAddon]]></DotNetClass>
	</Addon>

	<!-- 
		Form Page Edit
	-->
	<Data>
		<Record content="portal features" guid="{0358AA13-2C29-4F82-B2DF-78D89E7DAE6A}" name="Form-Page Edit">
			<field name="portalId">{D5B3AF11-0AD2-4E4B-B39C-81953591B673}</field>
			<field name="parentFeatureId">{66DD89C8-9AFB-43C7-9A67-4092E4F9819B}</field>
			<field name="addonId">{4C25B351-C03B-4235-B3CA-094CDDC70430}</field>
			<field name="dataContentId"></field>
			<field name="Heading"><![CDATA[Form-Page Edit]]></field>
			<field name="SortOrder"><![CDATA[020]]></field>
		</Record>
	</Data>
	<Addon name="Form Page Edit" guid="{4C25B351-C03B-4235-B3CA-094CDDC70430}" type="Add-on">
		<DotNetClass><![CDATA[Contensive.Addon.aoFormWizard3.Addons.WidgetDashboardWidgets.FormPageEditAddon]]></DotNetClass>
	</Addon>

	<!-- 
		Form Question List
	-->
	<Data>
		<Record content="portal features" guid="{540D0034-E405-4EC9-B80D-038056053923}" name="Form-Questions">
			<field name="portalId">{D5B3AF11-0AD2-4E4B-B39C-81953591B673}</field>
			<field name="parentFeatureId">{66DD89C8-9AFB-43C7-9A67-4092E4F9819B}</field>
			<field name="addonId">{1373B564-3722-478E-B693-E007B2547B3F}</field>
			<field name="dataContentId"></field>
			<field name="Heading"><![CDATA[Form-Questions]]></field>
			<field name="SortOrder"><![CDATA[030]]></field>
		</Record>
	</Data>
	<Addon name="Form Question List" guid="{1373B564-3722-478E-B693-E007B2547B3F}" type="Add-on">
		<DotNetClass><![CDATA[Contensive.Addon.aoFormWizard3.Addons.WidgetDashboardWidgets.FormQuestionListAddon]]></DotNetClass>
	</Addon>










	<!-- 
		Form Response List
	-->
	<Data>
		<Record content="portal features" guid="{CBBB730E-1390-471B-A311-F49E6C12E35A}" name="Responses">
			<field name="portalId">{D5B3AF11-0AD2-4E4B-B39C-81953591B673}</field>
			<field name="parentFeatureId"></field>
			<field name="addonId">{909559CA-59D3-4A1B-9915-2D69297AFE2D}</field>
			<field name="dataContentId"></field>
			<field name="Heading"><![CDATA[Responses]]></field>
			<field name="SortOrder"><![CDATA[020]]></field>
		</Record>
	</Data>
	<Addon name="Form Response List" guid="{909559CA-59D3-4A1B-9915-2D69297AFE2D}" type="Add-on">
		<DotNetClass><![CDATA[Contensive.Addon.aoFormWizard3.Addons.WidgetDashboardWidgets.FormResponseListAddon]]></DotNetClass>
	</Addon>






	<!-- 
		Addons
	-->	
	<Addon name="FormWidgetSubmit" guid="{CD4427D8-11DD-4E65-ACF9-1C2928B281F0}" type="Add-on">
		<DotNetClass><![CDATA[Contensive.Addon.aoFormWizard3.Views.FormWidget]]></DotNetClass>
		<RemoteMethod>yes</RemoteMethod>
	</Addon>
	
	<Addon name="GetScoreDetailsModalData" guid="{20724B70-0427-4A20-9DBB-B46666F88F80}" type="Add-on">
		<DotNetClass><![CDATA[Contensive.Addon.aoFormWizard3.Addons.GetScoreDetailsModalData]]></DotNetClass>
		<RemoteMethod>yes</RemoteMethod>
	</Addon>
	<Addon name="GetApplicationInfo" guid="{C292FD2B-416B-4909-936B-01953D0C5094}" type="Add-on">
		<DotNetClass><![CDATA[Contensive.Addon.aoFormWizard3.Addons.GetApplicationInfo]]></DotNetClass>
		<RemoteMethod>yes</RemoteMethod>
	</Addon>	
	<Addon name="ApplicationScoringWidgetSubmit" guid="{5B9977D4-6EF5-4194-86E2-7A58A0E47E13}" type="Add-on">
		<DotNetClass><![CDATA[Contensive.Addon.aoFormWizard3.Addons.ApplicationScoringWidgetSubmit]]></DotNetClass>
		<RemoteMethod>yes</RemoteMethod>
	</Addon>
	<!-- 
		upgrade old form wizard
	-->
	<Addon name="Form Widget 2" guid="{eab0f274-5a24-458f-bf1d-1ecd10833ff3}" type="Add-on">
		<htmldocument>Yes</htmldocument>
		<DotNetClass><![CDATA[Contensive.Addon.aoFormWizard3.Views.FormWidgetLegacyUpgrade]]></DotNetClass>
		<BlockEditTools>Yes</BlockEditTools>
		<Content>No</Content>
		<Template>No</Template>
		<Email>No</Email>
		<Admin>No</Admin>
		<Category></Category>
	</Addon>
	<CDef Name="Form Questions" Active="1" AdminOnly="0" AllowAdd="1" AllowCalendarEvents="0" AllowContentChildTool="0" AllowContentTracking="0" AllowDelete="1" AllowMetaContent="" AllowTopicRules="0" AllowWorkflowAuthoring="0" AuthoringDataSourceName="Default" AuthoringTableName="ccFormQuestions" ContentDataSourceName="Default" ContentTableName="ccFormQuestions" DefaultSortMethod="By Name" DeveloperOnly="0" DropDownFieldList="NAME" EditorGroupName="" Parent="" IconLink="" IconHeight="0" IconWidth="0" IconSprites="0" isbasecontent="0" guid="{cbdcae91-04cb-4a93-975b-715337dde490}" >
		<Field Name="name" active="True" AdminOnly="False" Authorable="True" Caption="Question Name" DeveloperOnly="False" EditSortPriority="110" FieldType="Text" HTMLContent="False" IndexColumn="0" IndexSortDirection="" IndexSortOrder="0" IndexWidth="0" RedirectID="0" RedirectPath="" Required="False" TextBuffered="False" UniqueName="False" DefaultValue="" RSSTitle="False" RSSDescription="False" MemberSelectGroup="" EditTab="" Scramble="False" LookupList="" NotEditable="False" Password="False" ReadOnly="False" ManyToManyRulePrimaryField="" ManyToManyRuleSecondaryField="" IsModified="False" IsBaseField="False" LookupContent="" RedirectContent="" ManyToManyContent="" ManyToManyRuleContent="" >
			<HelpDefault>
				<![CDATA[Not displayed on the site. This is a short name you give to this question so you can find it easily later.]]>
			</HelpDefault>
		</Field>
		<Field Name="headline" active="True" AdminOnly="False" Authorable="True" Caption="Section Headline" DeveloperOnly="False" EditSortPriority="1010" FieldType="Text" HTMLContent="False" IndexColumn="-1" IndexSortDirection="" IndexSortOrder="0" IndexWidth="0" RedirectID="" RedirectPath="" Required="False" TextBuffered="False" UniqueName="False" DefaultValue="" RSSTitle="False" RSSDescription="False" MemberSelectGroup="" EditTab="" Scramble="False" LookupList="" NotEditable="False" Password="False" ReadOnly="False" ManyToManyRulePrimaryField="" ManyToManyRuleSecondaryField="" IsModified="False" IsBaseField="False" LookupContent="" RedirectContent="" ManyToManyContent="" ManyToManyRuleContent="" >
			<HelpDefault>
				<![CDATA[An optional large bold (h2 headline) caption that appears above the question. Use a headline to divide a form's questions into sections where appropriate.]]>
			</HelpDefault>
		</Field>
		<Field Name="caption" active="True" AdminOnly="False" Authorable="True" Caption="Question" DeveloperOnly="False" EditSortPriority="1100" FieldType="Text" HTMLContent="False" IndexColumn="-1" IndexSortDirection="" IndexSortOrder="0" IndexWidth="0" RedirectID="" RedirectPath="" Required="False" TextBuffered="False" UniqueName="False" DefaultValue="" RSSTitle="False" RSSDescription="False" MemberSelectGroup="" EditTab="" Scramble="False" LookupList="" NotEditable="False" Password="False" ReadOnly="False" ManyToManyRulePrimaryField="" ManyToManyRuleSecondaryField="" IsModified="False" IsBaseField="False" LookupContent="" RedirectContent="" ManyToManyContent="" ManyToManyRuleContent="" >
			<HelpDefault>
				<![CDATA[The question you are asking (h3 headline).]]>
			</HelpDefault>
		</Field>
		<Field Name="description" active="True" AdminOnly="False" Authorable="True" Caption="Description" DeveloperOnly="False" EditSortPriority="1115" FieldType="Html" HTMLContent="False" IndexColumn="-1" IndexSortDirection="" IndexSortOrder="0" IndexWidth="0" RedirectID="" RedirectPath="" Required="False" TextBuffered="False" UniqueName="False" DefaultValue="" RSSTitle="False" RSSDescription="False" MemberSelectGroup="" EditTab="" Scramble="False" LookupList="" NotEditable="False" Password="False" ReadOnly="False" ManyToManyRulePrimaryField="" ManyToManyRuleSecondaryField="" IsModified="False" IsBaseField="False" LookupContent="" RedirectContent="" ManyToManyContent="" ManyToManyRuleContent="" >
			<HelpDefault>
				<![CDATA[Optional. This description appears are regular size text below the question and above the answer area. Use this areas for instructions and description to help the user understand the input required.]]>
			</HelpDefault>
		</Field>
		<Field Name="required" active="True" AdminOnly="False" Authorable="True" Caption="Required" DeveloperOnly="False" EditSortPriority="1400" FieldType="Boolean" HTMLContent="False" IndexColumn="-1" IndexSortDirection="" IndexSortOrder="0" IndexWidth="0" RedirectID="" RedirectPath="" Required="False" TextBuffered="False" UniqueName="False" DefaultValue="0" RSSTitle="False" RSSDescription="False" MemberSelectGroup="" EditTab="" Scramble="False" LookupList="" NotEditable="False" Password="False" ReadOnly="False" ManyToManyRulePrimaryField="" ManyToManyRuleSecondaryField="" IsModified="False" IsBaseField="False" LookupContent="" RedirectContent="" ManyToManyContent="" ManyToManyRuleContent="" >
			<HelpDefault>
				<![CDATA[Check this box if the field is required for the form to be submitted]]>
			</HelpDefault>
		</Field>
		<Field Name="inputTypeId" active="True" AdminOnly="False" Authorable="True" Caption="Question Type" DeveloperOnly="False" EditSortPriority="1500" FieldType="Lookup" HTMLContent="False" IndexColumn="-1" IndexSortDirection="" IndexSortOrder="0" IndexWidth="0" RedirectID="" RedirectPath="" Required="False" TextBuffered="False" UniqueName="False" DefaultValue="" RSSTitle="False" RSSDescription="False" MemberSelectGroup="" EditTab="" Scramble="False" LookupList="Short Text Answer,Long Text Answer,Check Boxes choose one,Radio Boxes choose many,Upload File,Select List choose one" NotEditable="False" Password="False" ReadOnly="False" ManyToManyRulePrimaryField="" ManyToManyRuleSecondaryField="" IsModified="False" IsBaseField="False" LookupContent="" RedirectContent="" ManyToManyContent="" ManyToManyRuleContent="" >
			<HelpDefault><![CDATA[The type of field (TEXT,TEXTAREA,CHECKBOX,RADIO,FILE,SELECT): Text for short text fields, TextArea for longer text fields, Radio (to choose one of the listed options), Checkbox (to select multiple listed options), Select (to select one listed option in a dropdown) and File (to upload an image file)]]></HelpDefault>
		</Field>
		<Field Name="inputtype" active="True" AdminOnly="False" Authorable="false" Caption="Input Type" DeveloperOnly="False" EditSortPriority="1510" FieldType="Text" HTMLContent="False" IndexColumn="-1" IndexSortDirection="" IndexSortOrder="0" IndexWidth="0" RedirectID="" RedirectPath="" Required="False" TextBuffered="False" UniqueName="False" DefaultValue="" RSSTitle="False" RSSDescription="False" MemberSelectGroup="" EditTab="" Scramble="False" LookupList="" NotEditable="False" Password="False" ReadOnly="False" ManyToManyRulePrimaryField="" ManyToManyRuleSecondaryField="" IsModified="False" IsBaseField="False" LookupContent="" RedirectContent="" ManyToManyContent="" ManyToManyRuleContent="" >
			<HelpDefault><![CDATA[The type of field (TEXT,TEXTAREA,CHECKBOX,RADIO,FILE,SELECT): Text for short text fields, TextArea for longer text fields, Radio (to choose one of the listed options), Checkbox (to select multiple listed options), Select (to select one listed option in a dropdown) and File (to upload an image file)]]></HelpDefault>
		</Field>
		<Field Name="optionlist" active="True" AdminOnly="False" Authorable="True" Caption="Option List" DeveloperOnly="False" EditSortPriority="1510" FieldType="LongText" HTMLContent="False" IndexColumn="-1" IndexSortDirection="" IndexSortOrder="0" IndexWidth="0" RedirectID="" RedirectPath="" Required="False" TextBuffered="False" UniqueName="False" DefaultValue="" RSSTitle="False" RSSDescription="False" MemberSelectGroup="" EditTab="" Scramble="False" LookupList="" NotEditable="False" Password="False" ReadOnly="False" ManyToManyRulePrimaryField="" ManyToManyRuleSecondaryField="" IsModified="False" IsBaseField="False" LookupContent="" RedirectContent="" ManyToManyContent="" ManyToManyRuleContent="" >
			<HelpDefault>
				<![CDATA[A short list of choices separated by commas for radio or checkbox fields. The maximum length of this field is255 characters. For example to create a choice between red and blue, enter "red,blue" (without the quotes.)]]>
			</HelpDefault>
		</Field>
		<Field Name="sortorder" active="True" AdminOnly="False" Authorable="False" Caption="Alpha Sort Order" DeveloperOnly="False" EditSortPriority="2000" FieldType="Text" HTMLContent="False" IndexColumn="0" IndexSortDirection="" IndexSortOrder="0" IndexWidth="0" RedirectID="0" RedirectPath="" Required="False" TextBuffered="False" UniqueName="False" DefaultValue="9999" RSSTitle="False" RSSDescription="False" MemberSelectGroup="" EditTab="" Scramble="False" LookupList="" NotEditable="False" Password="False" ReadOnly="False" ManyToManyRulePrimaryField="" ManyToManyRuleSecondaryField="" IsModified="False" IsBaseField="False" LookupContent="" RedirectContent="" ManyToManyContent="" ManyToManyRuleContent="" >
			<HelpDefault>
				<![CDATA[The order of fields on the form. Use alpha numeric text like a,b, and c, or 001, 002, 010, 011, etc..]]>
			</HelpDefault>
		</Field>
		<Field Name="formid" active="True" AdminOnly="False" Authorable="True" Caption="Form Page" DeveloperOnly="False" EditSortPriority="1000" FieldType="Lookup" HTMLContent="False" IndexColumn="0" IndexSortDirection="" IndexSortOrder="99" IndexWidth="20" RedirectID="" RedirectPath="" Required="False" TextBuffered="False" UniqueName="False" DefaultValue="" RSSTitle="False" RSSDescription="False" MemberSelectGroup="" EditTab="Form Page" Scramble="False" LookupList="" NotEditable="False" Password="False" ReadOnly="False" ManyToManyRulePrimaryField="" ManyToManyRuleSecondaryField="" IsModified="False" IsBaseField="False" LookupContent="Form Pages" RedirectContent="" ManyToManyContent="" ManyToManyRuleContent="" >
			<HelpDefault>
				<![CDATA[The form on which this question appears.]]>
			</HelpDefault>
		</Field>
		<!--
			deprecated
		-->
		<Field Name="contentfieldid" active="True" AdminOnly="true" Authorable="false" Caption="Content Field" DeveloperOnly="False" EditSortPriority="1200" FieldType="Lookup" HTMLContent="False" IndexColumn="-1" IndexSortDirection="" IndexSortOrder="0" IndexWidth="0" RedirectID="" RedirectPath="" Required="False" TextBuffered="False" UniqueName="False" DefaultValue="" RSSTitle="False" RSSDescription="False" MemberSelectGroup="" EditTab="" Scramble="False" LookupList="" NotEditable="False" Password="False" ReadOnly="False" ManyToManyRulePrimaryField="" ManyToManyRuleSecondaryField="" IsModified="False" IsBaseField="False" LookupContent="Content Fields" RedirectContent="" ManyToManyContent="" ManyToManyRuleContent="" >
			<HelpDefault>
				<![CDATA[If this field maps to a table field, this is the field.]]>
			</HelpDefault>
		</Field>
		<Field Name="buttonactionid" active="True" AdminOnly="False" Authorable="False" Caption="Button Action" DeveloperOnly="False" EditSortPriority="1510" FieldType="Lookup" HTMLContent="False" IndexColumn="0" IndexSortDirection="" IndexSortOrder="0" IndexWidth="0" RedirectID="0" RedirectPath="" Required="False" TextBuffered="False" UniqueName="False" DefaultValue="" RSSTitle="False" RSSDescription="False" MemberSelectGroup="" EditTab="" Scramble="False" LookupList="Cancel,Back,Submit" NotEditable="False" Password="False" ReadOnly="False" ManyToManyRulePrimaryField="" ManyToManyRuleSecondaryField="" IsModified="False" IsBaseField="False" LookupContent="" RedirectContent="" ManyToManyContent="" ManyToManyRuleContent="" >
			<HelpDefault><![CDATA[]]></HelpDefault>
		</Field>
		<Field Name="replacetext" active="true" AdminOnly="true" Authorable="false" Caption="Replace Text" DeveloperOnly="False" EditSortPriority="1300" FieldType="Text" HTMLContent="False" IndexColumn="-1" IndexSortDirection="" IndexSortOrder="0" IndexWidth="0" RedirectID="" RedirectPath="" Required="False" TextBuffered="False" UniqueName="False" DefaultValue="" RSSTitle="False" RSSDescription="False" MemberSelectGroup="" EditTab="" Scramble="False" LookupList="" NotEditable="False" Password="False" ReadOnly="False" ManyToManyRulePrimaryField="" ManyToManyRuleSecondaryField="" IsModified="False" IsBaseField="False" LookupContent="" RedirectContent="" ManyToManyContent="" ManyToManyRuleContent="" >
		</Field>
	</CDef>
	<CDef Name="Form Widgets" Active="1" AdminOnly="0" AllowAdd="1" AllowCalendarEvents="0" AllowContentChildTool="0" AllowContentTracking="0" AllowDelete="1" AllowMetaContent="" AllowTopicRules="0" AllowWorkflowAuthoring="0" AuthoringDataSourceName="Default" AuthoringTableName="ccFormWidgets" ContentDataSourceName="Default" ContentTableName="ccFormWidgets" DefaultSortMethod="By Name" DeveloperOnly="0" DropDownFieldList="NAME" EditorGroupName="" Parent="" IconLink="" IconHeight="0" IconWidth="0" IconSprites="0" isbasecontent="0" guid="{63A9BD0B-393B-474F-BA04-F0538BDD38D3}" >
		<Field Name="name" active="True" AdminOnly="False" Authorable="True" Caption="Form Name" DeveloperOnly="False" EditSortPriority="110" FieldType="Text" HTMLContent="False" IndexColumn="0" IndexSortDirection="" IndexSortOrder="99" IndexWidth="50" RedirectID="0" RedirectPath="" Required="False" TextBuffered="False" UniqueName="False" DefaultValue="" RSSTitle="False" RSSDescription="False" MemberSelectGroup="" EditTab="" Scramble="False" LookupList="" NotEditable="False" Password="False" ReadOnly="False" ManyToManyRulePrimaryField="" ManyToManyRuleSecondaryField="" IsModified="False" IsBaseField="False" LookupContent="" RedirectContent="" ManyToManyContent="" ManyToManyRuleContent="" >
			<HelpDefault>
				<![CDATA[Optional. Not visible on the website. Use to identify this form set in a list.]]>
			</HelpDefault>
		</Field>
		<Field Name="addResetButton" EditGroup="Button" active="True" AdminOnly="False" Authorable="True" Caption="Add Reset Button" DeveloperOnly="False" EditSortPriority="1150" FieldType="Boolean" HTMLContent="False" IndexColumn="0" IndexSortDirection="" IndexSortOrder="0" IndexWidth="0" RedirectID="0" RedirectPath="" Required="False" TextBuffered="False" UniqueName="False" DefaultValue="1" RSSTitle="False" RSSDescription="False" MemberSelectGroup="" EditTab="" Scramble="False" LookupList="" NotEditable="False" Password="False" ReadOnly="False" ManyToManyRulePrimaryField="" ManyToManyRuleSecondaryField="" IsModified="False" IsBaseField="False" LookupContent="" RedirectContent="" ManyToManyContent="" ManyToManyRuleContent="" >
			<HelpDefault>
				<![CDATA[If checked, a reset button is added to all pages of this form to clear the input and take the user back to the first page.]]>
			</HelpDefault>
		</Field>
		<Field Name="resetButtonName" EditGroup="Button" active="True" AdminOnly="False" Authorable="True" Caption="Reset Button Text" DeveloperOnly="False" EditSortPriority="1200" FieldType="Text" HTMLContent="False" IndexColumn="-1" IndexSortDirection="" IndexSortOrder="0" IndexWidth="0" RedirectID="" RedirectPath="" Required="False" TextBuffered="False" UniqueName="False" DefaultValue="Reset" RSSTitle="False" RSSDescription="False" MemberSelectGroup="" EditTab="" Scramble="False" LookupList="" NotEditable="False" Password="False" ReadOnly="False" ManyToManyRulePrimaryField="" ManyToManyRuleSecondaryField="" IsModified="False" IsBaseField="False" LookupContent="" RedirectContent="" ManyToManyContent="" ManyToManyRuleContent="" >
			<HelpDefault>
				<![CDATA[If a reset button is included, this text that appears on the Reset button.]]>
			</HelpDefault>
		</Field>
		<Field Name="backButtonName" EditGroup="Button" active="True" AdminOnly="False" Authorable="True" Caption="Back Button Text" DeveloperOnly="False" EditSortPriority="1210" FieldType="Text" HTMLContent="False" IndexColumn="-1" IndexSortDirection="" IndexSortOrder="0" IndexWidth="0" RedirectID="" RedirectPath="" Required="False" TextBuffered="False" UniqueName="False" DefaultValue="Back" RSSTitle="False" RSSDescription="False" MemberSelectGroup="" EditTab="" Scramble="False" LookupList="" NotEditable="False" Password="False" ReadOnly="False" ManyToManyRulePrimaryField="" ManyToManyRuleSecondaryField="" IsModified="False" IsBaseField="False" LookupContent="" RedirectContent="" ManyToManyContent="" ManyToManyRuleContent="">
			<HelpDefault>
				<![CDATA[If the form includes multiple pages, this is the text that appears on the back button used to move backward between pages.]]>
			</HelpDefault>
		</Field>
		<Field Name="continueButtonName" EditGroup="Button" active="True" AdminOnly="False" Authorable="True" Caption="Continue Button Text" DeveloperOnly="False" EditSortPriority="1300" FieldType="Text" HTMLContent="False" IndexColumn="-1" IndexSortDirection="" IndexSortOrder="0" IndexWidth="0" RedirectID="" RedirectPath="" Required="False" TextBuffered="False" UniqueName="False" DefaultValue="Continue" RSSTitle="False" RSSDescription="False" MemberSelectGroup="" EditTab="" Scramble="False" LookupList="" NotEditable="False" Password="False" ReadOnly="False" ManyToManyRulePrimaryField="" ManyToManyRuleSecondaryField="" IsModified="False" IsBaseField="False" LookupContent="" RedirectContent="" ManyToManyContent="" ManyToManyRuleContent="" >
			<HelpDefault>
				<![CDATA[If the form includes multiple pages, this is the text that appears on the continue button used to move forward between pages.]]>
			</HelpDefault>
		</Field>
		<Field Name="submitButtonName" EditGroup="Button" active="True" AdminOnly="False" Authorable="True" Caption="Submit Button Text" DeveloperOnly="False" EditSortPriority="1310" FieldType="Text" HTMLContent="False" IndexColumn="-1" IndexSortDirection="" IndexSortOrder="0" IndexWidth="0" RedirectID="" RedirectPath="" Required="False" TextBuffered="False" UniqueName="False" DefaultValue="Continue" RSSTitle="False" RSSDescription="False" MemberSelectGroup="" EditTab="" Scramble="False" LookupList="" NotEditable="False" Password="False" ReadOnly="False" ManyToManyRulePrimaryField="" ManyToManyRuleSecondaryField="" IsModified="False" IsBaseField="False" LookupContent="" RedirectContent="" ManyToManyContent="" ManyToManyRuleContent="" >
			<HelpDefault>
				<![CDATA[The text that appears on the submit button on the last page of the form.]]>
			</HelpDefault>
		</Field>
		<Field Name="saveButtonName" EditGroup="Button" active="True" AdminOnly="False" Authorable="True" Caption="Save Button Text" DeveloperOnly="False" EditSortPriority="1310" FieldType="Text" HTMLContent="False" IndexColumn="-1" IndexSortDirection="" IndexSortOrder="0" IndexWidth="0" RedirectID="" RedirectPath="" Required="False" TextBuffered="False" UniqueName="False" DefaultValue="Continue" RSSTitle="False" RSSDescription="False" MemberSelectGroup="" EditTab="" Scramble="False" LookupList="" NotEditable="False" Password="False" ReadOnly="False" ManyToManyRulePrimaryField="" ManyToManyRuleSecondaryField="" IsModified="False" IsBaseField="False" LookupContent="" RedirectContent="" ManyToManyContent="" ManyToManyRuleContent="" >
			<HelpDefault>
				<![CDATA[The text that appears on the save button]]>
			</HelpDefault>
		</Field>
		<Field Name="notificationemailid" active="True" AdminOnly="False" Authorable="True" Caption="Notification System Email" DeveloperOnly="False" EditSortPriority="1100" FieldType="Lookup" HTMLContent="False" IndexColumn="-1" IndexSortDirection="" IndexSortOrder="0" IndexWidth="0" RedirectID="" RedirectPath="" Required="False" TextBuffered="False" UniqueName="False" DefaultValue="" RSSTitle="False" RSSDescription="False" MemberSelectGroup="" EditTab="" Scramble="False" LookupList="" NotEditable="False" Password="False" ReadOnly="False" ManyToManyRulePrimaryField="" ManyToManyRuleSecondaryField="" IsModified="False" IsBaseField="False" LookupContent="System Email" RedirectContent="" ManyToManyContent="" ManyToManyRuleContent="" >
			<HelpDefault>
				<![CDATA[Optional. When the user completes this form set, this system email will be sent to Site Managers with all the values entered from all forms in the form set.]]>
			</HelpDefault>
		</Field>
		<Field Name="responseemailid" active="True" AdminOnly="False" Authorable="True" Caption="Auto-Responder System Email" DeveloperOnly="False" EditSortPriority="1200" FieldType="Lookup" HTMLContent="False" IndexColumn="-1" IndexSortDirection="" IndexSortOrder="0" IndexWidth="0" RedirectID="" RedirectPath="" Required="False" TextBuffered="False" UniqueName="False" DefaultValue="" RSSTitle="False" RSSDescription="False" MemberSelectGroup="" EditTab="" Scramble="False" LookupList="" NotEditable="False" Password="False" ReadOnly="False" ManyToManyRulePrimaryField="" ManyToManyRuleSecondaryField="" IsModified="False" IsBaseField="False" LookupContent="System Email" RedirectContent="" ManyToManyContent="" ManyToManyRuleContent="" >
			<HelpDefault>
				<![CDATA[Optional. When the user completes this form set, this system email will be sent to the user.]]>
			</HelpDefault>
		</Field>
		<Field Name="thankyoucopy" active="True" AdminOnly="False" Authorable="True" Caption="Thank You Page" DeveloperOnly="False" EditSortPriority="1300" FieldType="HTML" HTMLContent="false" IndexColumn="-1" IndexSortDirection="" IndexSortOrder="0" IndexWidth="0" RedirectID="" RedirectPath="" Required="False" TextBuffered="False" UniqueName="False" DefaultValue="&lt;p&gt;Thank you. Your information has been submitted successfully.&lt;/p&gt;" RSSTitle="False" RSSDescription="False" MemberSelectGroup="" EditTab="" Scramble="False" LookupList="" NotEditable="False" Password="False" ReadOnly="False" ManyToManyRulePrimaryField="" ManyToManyRuleSecondaryField="" IsModified="False" IsBaseField="False" LookupContent="" RedirectContent="" ManyToManyContent="" ManyToManyRuleContent="" >
			<HelpDefault>
				<![CDATA[When the user completes the form set, they will be shown this copy.]]>
			</HelpDefault>
		</Field>
		<Field Name="allowRecaptcha" active="True" AdminOnly="False" Authorable="True" Caption="Include Bot Detect" DeveloperOnly="False" EditSortPriority="1400" FieldType="Boolean" HTMLContent="False" IndexColumn="0" IndexSortDirection="" IndexSortOrder="0" IndexWidth="0" RedirectID="" RedirectPath="" Required="False" TextBuffered="False" UniqueName="False" DefaultValue="0" RSSTitle="False" RSSDescription="False" MemberSelectGroupID="0" EditTab="" Scramble="False" LookupList="" NotEditable="False" Password="False" ReadOnly="False" ManyToManyRulePrimaryField="" ManyToManyRuleSecondaryField="" IsModified="False" IsBaseField="False" LookupContent="" RedirectContent="" ManyToManyContent="" ManyToManyRuleContent="" >
			<HelpDefault>
				<![CDATA[Include a recaptcha bot blocker (ask if the user is a human) on the first page of the form.]]>
			</HelpDefault>
		</Field>
		<Field Name="useUserProperty" active="True" AdminOnly="False" Authorable="True" Caption="Require Login to Allow Save and Continue Later " DeveloperOnly="False" EditSortPriority="1010" FieldType="Boolean" HTMLContent="False" IndexColumn="0" IndexSortDirection="" IndexSortOrder="99" IndexWidth="40" RedirectID="0" RedirectPath="" Required="False" TextBuffered="False" UniqueName="False" DefaultValue="" RSSTitle="False" RSSDescription="False" MemberSelectGroup="" EditTab="" Scramble="False" LookupList="" NotEditable="False" Password="False" ReadOnly="False" ManyToManyRulePrimaryField="" ManyToManyRuleSecondaryField="" IsModified="False" IsBaseField="False" LookupContent="" RedirectContent="" ManyToManyContent="" ManyToManyRuleContent="" >
			<HelpDefault>
				<![CDATA[When checked user properties will be used]]>
			</HelpDefault>
		</Field>
		<!-- 
			feature
		-->
		<Field Name="joingroupid" active="True" AdminOnly="False" Authorable="True" Caption="Join Group on Completion" DeveloperOnly="False" EditSortPriority="1000" FieldType="Lookup" HTMLContent="False" IndexColumn="-1" IndexSortDirection="" IndexSortOrder="0" IndexWidth="0" RedirectID="" RedirectPath="" Required="False" TextBuffered="False" UniqueName="False" DefaultValue="0" RSSTitle="False" RSSDescription="False" MemberSelectGroup="" EditTab="Feature" Scramble="False" LookupList="" NotEditable="False" Password="False" ReadOnly="False" ManyToManyRulePrimaryField="" ManyToManyRuleSecondaryField="" IsModified="False" IsBaseField="False" LookupContent="Groups" RedirectContent="" ManyToManyContent="" ManyToManyRuleContent="" >
			<HelpDefault>
				<![CDATA[Optional. When the user completes this form set, they will be added to this group.]]>
			</HelpDefault>
		</Field>
		<!-- 
		base common fields
		-->
		<Field Name="padtop" Caption="Top Padding" EditGroup="Padding" EditTab="Styles" FieldType="Boolean" Authorable="True" EditSortPriority="2000" DefaultValue="1" active="True" AdminOnly="False" DeveloperOnly="False" HTMLContent="False" Required="False" TextBuffered="False" UniqueName="False" RSSTitle="False" RSSDescription="False" MemberSelectGroup="" Scramble="False" LookupList="" NotEditable="False" Password="False" ReadOnly="False" ManyToManyRulePrimaryField="" ManyToManyRuleSecondaryField="" IsModified="False" IndexColumn="0" IndexSortDirection="" IndexSortOrder="0" IndexWidth="0" RedirectID="" RedirectPath="" IsBaseField="False" LookupContent="" RedirectContent="" ManyToManyContent="" ManyToManyRuleContent="" >
			<HelpDefault><![CDATA[Add space between the edge of the block and the content.]]></HelpDefault>
		</Field>
		<Field Name="padright" Caption="Right Padding" EditGroup="Padding" EditTab="Styles" FieldType="Boolean" Authorable="True" EditSortPriority="2010" DefaultValue="0" active="True" AdminOnly="False" DeveloperOnly="False" HTMLContent="False" Required="False" TextBuffered="False" UniqueName="False" RSSTitle="False" RSSDescription="False" MemberSelectGroup="" Scramble="False" LookupList="" NotEditable="False" Password="False" ReadOnly="False" ManyToManyRulePrimaryField="" ManyToManyRuleSecondaryField="" IsModified="False" IndexColumn="0" IndexSortDirection="" IndexSortOrder="0" IndexWidth="0" RedirectID="" RedirectPath="" IsBaseField="False" LookupContent="" RedirectContent="" ManyToManyContent="" ManyToManyRuleContent="" >
			<HelpDefault><![CDATA[Add space between the edge of the block and the content.]]></HelpDefault>
		</Field>
		<Field Name="padbottom" Caption="Bottom Padding" EditGroup="Padding" EditTab="Styles" FieldType="Boolean" Authorable="True" EditSortPriority="2020" DefaultValue="0" active="True" AdminOnly="False" DeveloperOnly="False" HTMLContent="False" Required="False" TextBuffered="False" UniqueName="False" RSSTitle="False" RSSDescription="False" MemberSelectGroup="" Scramble="False" LookupList="" NotEditable="False" Password="False" ReadOnly="False" ManyToManyRulePrimaryField="" ManyToManyRuleSecondaryField="" IsModified="False" IndexColumn="0" IndexSortDirection="" IndexSortOrder="0" IndexWidth="0" RedirectID="" RedirectPath="" IsBaseField="False" LookupContent="" RedirectContent="" ManyToManyContent="" ManyToManyRuleContent="" >
			<HelpDefault><![CDATA[Add space between the edge of the block and the content.]]></HelpDefault>
		</Field>
		<Field Name="padleft" Caption="Left Padding" EditGroup="Padding" EditTab="Styles" FieldType="Boolean" Authorable="True" EditSortPriority="2030" DefaultValue="0" active="True" AdminOnly="False" DeveloperOnly="False" HTMLContent="False" Required="False" TextBuffered="False" UniqueName="False" RSSTitle="False" RSSDescription="False" MemberSelectGroup="" Scramble="False" LookupList="" NotEditable="False" Password="False" ReadOnly="False" ManyToManyRulePrimaryField="" ManyToManyRuleSecondaryField="" IsModified="False" IndexColumn="0" IndexSortDirection="" IndexSortOrder="0" IndexWidth="0" RedirectID="" RedirectPath="" IsBaseField="False" LookupContent="" RedirectContent="" ManyToManyContent="" ManyToManyRuleContent="" >
			<HelpDefault><![CDATA[Add space between the edge of the block and the content.]]></HelpDefault>
		</Field>
		<Field Name="backgroundimagefilename" Caption="Background Image" EditGroup="Background" EditTab="Background" FieldType="Image" Authorable="True" EditSortPriority="2040" DefaultValue="" active="True" AdminOnly="False" DeveloperOnly="False" HTMLContent="False" Required="False" TextBuffered="False" UniqueName="False" RSSTitle="False" RSSDescription="False" MemberSelectGroup="" Scramble="False" LookupList="" NotEditable="False" Password="False" ReadOnly="False" ManyToManyRulePrimaryField="" ManyToManyRuleSecondaryField="" IsModified="False" IndexColumn="0" IndexSortDirection="" IndexSortOrder="0" IndexWidth="0" RedirectID="" RedirectPath="" IsBaseField="False" LookupContent="" RedirectContent="" ManyToManyContent="" ManyToManyRuleContent="" >
			<HelpDefault><![CDATA[Add a background image to the design block. It will be reduced in size to cover the entire background.]]></HelpDefault>
		</Field>
		<Field Name="asfullbleed" Caption="Include Margins for Content" EditGroup="Padding"  EditTab="Styles" FieldType="Boolean" Authorable="True" EditSortPriority="2050" DefaultValue="1" active="True" AdminOnly="False" DeveloperOnly="False" HTMLContent="False" Required="False" TextBuffered="False" UniqueName="False" RSSTitle="False" RSSDescription="False" MemberSelectGroup="" Scramble="False" LookupList="" NotEditable="False" Password="False" ReadOnly="False" ManyToManyRulePrimaryField="" ManyToManyRuleSecondaryField="" IsModified="False" IndexColumn="0" IndexSortDirection="" IndexSortOrder="0" IndexWidth="0" RedirectID="" RedirectPath="" IsBaseField="False" LookupContent="" RedirectContent="" ManyToManyContent="" ManyToManyRuleContent="" >
			<HelpDefault><![CDATA[When not checked, the content always extends to the right and left edge of the widget. When checked, a margin on the right and left is created for wide screens. The design block background will still extend to the edge of the widget. Some templates may include their own right and left margin.]]></HelpDefault>
		</Field>
		<Field Name="styleheight" Caption="Height (with units)" EditGroup="Styles"  EditTab="Styles" FieldType="Text" Authorable="True" EditSortPriority="3000" DefaultValue="" active="True" AdminOnly="False" DeveloperOnly="False" HTMLContent="False" Required="False" TextBuffered="False" UniqueName="False" RSSTitle="False" RSSDescription="False" MemberSelectGroup="" Scramble="False" LookupList="" NotEditable="False" Password="False" ReadOnly="False" ManyToManyRulePrimaryField="" ManyToManyRuleSecondaryField="" IsModified="False" IndexColumn="0" IndexSortDirection="" IndexSortOrder="0" IndexWidth="" RedirectID="" RedirectPath="" IsBaseField="False" LookupContent="" RedirectContent="" ManyToManyContent="" ManyToManyRuleContent="" >
			<HelpDefault><![CDATA[Optional. Set a style height and the design block will be forced this this height. Include both the number and the units, like 500px or 20em.]]></HelpDefault>
		</Field>
		<Field Name="themestyleid" Caption="Layout Wrapper Class" EditGroup="Styles"  EditTab="Styles" FieldType="Lookup" Authorable="True" EditSortPriority="4020" DefaultValue="" active="True" AdminOnly="False" DeveloperOnly="False" HTMLContent="False" Required="False" TextBuffered="False" UniqueName="False" RSSTitle="False" RSSDescription="False" MemberSelectGroup="" Scramble="False" LookupList="" NotEditable="False" Password="False" ReadOnly="False" ManyToManyRulePrimaryField="" ManyToManyRuleSecondaryField="" IsModified="False" IndexColumn="0" IndexSortDirection="" IndexSortOrder="0" IndexWidth="0" RedirectID="" RedirectPath="" IsBaseField="False" LookupContent="Design Block Themes" RedirectContent="" ManyToManyContent="" ManyToManyRuleContent="" >
			<HelpDefault><![CDATA[Optional. Select a css class selector to be added to the block's wrapper. Use this feature to customize the layout styles. To add a custom style, add the css class selector in the content 'Design Block Themes' and add the css code to the style sheet in the site's theme addon.]]></HelpDefault>
		</Field>
		<!--
			deprecate
		-->
		<Field Name="fontstyleid" Caption="Optional Layout Wrapper Class for Font (deprecated)" EditTab="Styles" FieldType="Integer" Authorable="False" EditSortPriority="9999" DefaultValue="" active="True" AdminOnly="False" DeveloperOnly="False" HTMLContent="False" Required="False" TextBuffered="False" UniqueName="False" RSSTitle="False" RSSDescription="False" MemberSelectGroup="" Scramble="False" LookupList="" NotEditable="False" Password="False" ReadOnly="False" ManyToManyRulePrimaryField="" ManyToManyRuleSecondaryField="" IsModified="False" IndexColumn="0" IndexSortDirection="" IndexSortOrder="0" IndexWidth="0" RedirectID="" RedirectPath="" IsBaseField="False" LookupContent="" RedirectContent="" ManyToManyContent="" ManyToManyRuleContent="" >
			<HelpDefault><![CDATA[deprecated]]></HelpDefault>
		</Field>
	</CDef>
	<CDef Name="Form Pages" Active="1" AdminOnly="0" AllowAdd="1" AllowCalendarEvents="0" AllowContentChildTool="0" AllowContentTracking="0" AllowDelete="1" AllowMetaContent="" AllowTopicRules="0" AllowWorkflowAuthoring="0" AuthoringDataSourceName="Default" AuthoringTableName="ccFormPages" ContentDataSourceName="Default" ContentTableName="ccFormPages" DefaultSortMethod="By Name" DeveloperOnly="0" DropDownFieldList="NAME" EditorGroupName="" Parent="" IconLink="" IconHeight="0" IconWidth="0" IconSprites="0" isbasecontent="0" guid="{272F2549-5409-4C9C-A766-4BF2E8CA0A8B}" >
		<Field Name="name" active="True" AdminOnly="False" Authorable="True" Caption="Form Page Name" DeveloperOnly="False" EditSortPriority="110" FieldType="Text" HTMLContent="False" IndexColumn="0" IndexSortDirection="" IndexSortOrder="99" IndexWidth="40" RedirectID="0" RedirectPath="" Required="true" TextBuffered="False" UniqueName="False" DefaultValue="" RSSTitle="False" RSSDescription="False" MemberSelectGroup="" EditTab="" Scramble="False" LookupList="" NotEditable="False" Password="False" ReadOnly="False" ManyToManyRulePrimaryField="" ManyToManyRuleSecondaryField="" IsModified="False" IsBaseField="False" LookupContent="" RedirectContent="" ManyToManyContent="" ManyToManyRuleContent="" >
			<HelpDefault>
				<![CDATA[Enter a short name for this page of the online form. An online form may have several pages. This name does not appear on your public form but a relevant name will help you organize your content.]]>
			</HelpDefault>
		</Field>
		<Field Name="description" active="True" AdminOnly="False" Authorable="True" Caption="Description" DeveloperOnly="False" EditSortPriority="1010" FieldType="Html" HTMLContent="False" IndexColumn="0" IndexSortDirection="" IndexSortOrder="99" IndexWidth="40" RedirectID="0" RedirectPath="" Required="False" TextBuffered="False" UniqueName="False" DefaultValue="" RSSTitle="False" RSSDescription="False" MemberSelectGroup="" EditTab="" Scramble="False" LookupList="" NotEditable="False" Password="False" ReadOnly="False" ManyToManyRulePrimaryField="" ManyToManyRuleSecondaryField="" IsModified="False" IsBaseField="False" LookupContent="" RedirectContent="" ManyToManyContent="" ManyToManyRuleContent="" >
			<HelpDefault>
				<![CDATA[Enter optional form instructions. These instructions appear at the top of this page.]]>
			</HelpDefault>
		</Field>
		<Field Name="saveTypeId" active="True" AdminOnly="False" Authorable="True" Caption="How to Save Data" EditTab="Form" DeveloperOnly="False" EditSortPriority="1425" FieldType="Lookup" HTMLContent="False" IndexColumn="10" IndexSortDirection="" IndexSortOrder="99" IndexWidth="40" RedirectID="" RedirectPath="" Required="false" TextBuffered="False" UniqueName="False" DefaultValue="" RSSTitle="False" RSSDescription="False" MemberSelectGroup="" Scramble="False" LookupList="User Form Response alone,People,Organization" NotEditable="False" Password="False" ReadOnly="False" ManyToManyRulePrimaryField="" ManyToManyRuleSecondaryField="" IsModified="False" IsBaseField="False" LookupContent="" RedirectContent="" ManyToManyContent="" ManyToManyRuleContent="" >
			<HelpDefault>
				<![CDATA[Form data will always be saved to the User Form Response table. Select People or Organizations to save data to those tables when field names match.]]>
			</HelpDefault>
			<HelpDefault>
				<![CDATA[If How to Save Data is set to Custom Content, enter the name of the content here. If it does not exist it will be added.]]>
			</HelpDefault>
		</Field>
		<Field Name="sortorder" active="True" AdminOnly="False" Authorable="true" Caption="Alpha Sort Order" EditTab="Form" DeveloperOnly="False" EditSortPriority="9999" FieldType="Text" HTMLContent="False" IndexColumn="0" IndexSortDirection="" IndexSortOrder="0" IndexWidth="0" RedirectID="0" RedirectPath="" Required="False" TextBuffered="False" UniqueName="False" DefaultValue="9999" RSSTitle="False" RSSDescription="False" MemberSelectGroup="" Scramble="False" LookupList="" NotEditable="False" Password="False" ReadOnly="False" ManyToManyRulePrimaryField="" ManyToManyRuleSecondaryField="" IsModified="False" IsBaseField="False" LookupContent="" RedirectContent="" ManyToManyContent="" ManyToManyRuleContent="" >
			<HelpDefault>
				<![CDATA[An alpha numeric string used to determine the order that this form-page appears in the form widget. The default value is 9999 which adds new form-pages to the end.]]>
			</HelpDefault>
		</Field>
		<Field Name="formsetid" active="True" AdminOnly="False" Authorable="True" Caption="Form Set" DeveloperOnly="False" EditSortPriority="1000" FieldType="Lookup" HTMLContent="False" IndexColumn="10" IndexSortDirection="" IndexSortOrder="99" IndexWidth="40" RedirectID="" RedirectPath="" Required="true" TextBuffered="False" UniqueName="False" DefaultValue="" RSSTitle="False" RSSDescription="False" MemberSelectGroup="" EditTab="Form" Scramble="False" LookupList="" NotEditable="False" Password="False" ReadOnly="False" ManyToManyRulePrimaryField="" ManyToManyRuleSecondaryField="" IsModified="False" IsBaseField="False" LookupContent="Form Widgets" RedirectContent="" ManyToManyContent="" ManyToManyRuleContent="" >
			<HelpDefault>
				<![CDATA[Select the FormSet. A FormSet is an online form placed on a page. It can have one or more pages (forms).]]>
			</HelpDefault>
		</Field>
		
		<!--
			deprecated
		-->
		<Field Name="body" active="True" Authorable="false" Caption="body (deprecated)" FieldType="HTML" EditTab="deprecated" AdminOnly="true" DeveloperOnly="False" EditSortPriority="9999" HTMLContent="True" IndexColumn="-1" IndexSortDirection="" IndexSortOrder="0" IndexWidth="0" RedirectID="" RedirectPath="" Required="False" TextBuffered="False" UniqueName="False" DefaultValue="" RSSTitle="False" RSSDescription="False" MemberSelectGroup="" Scramble="False" LookupList="" NotEditable="False" Password="False" ReadOnly="False" ManyToManyRulePrimaryField="" ManyToManyRuleSecondaryField="" IsModified="False" IsBaseField="False" LookupContent="" RedirectContent="" ManyToManyContent="" ManyToManyRuleContent="" >
			<HelpDefault>
				<![CDATA[ ]]>
			</HelpDefault>
		</Field>
		<Field Name="instructions" active="True" Authorable="false" Caption="instructions (deprecated)" FieldType="longtext" EditTab="deprecated" AdminOnly="true" DeveloperOnly="False" EditSortPriority="9999" HTMLContent="True" IndexColumn="-1" IndexSortDirection="" IndexSortOrder="0" IndexWidth="0" RedirectID="" RedirectPath="" Required="False" TextBuffered="False" UniqueName="False" DefaultValue="" RSSTitle="False" RSSDescription="False" MemberSelectGroup="" Scramble="False" LookupList="" NotEditable="False" Password="False" ReadOnly="False" ManyToManyRulePrimaryField="" ManyToManyRuleSecondaryField="" IsModified="False" IsBaseField="False" LookupContent="" RedirectContent="" ManyToManyContent="" ManyToManyRuleContent="" >
			<HelpDefault>
				<![CDATA[ ]]>
			</HelpDefault>
		</Field>		
		<Field Name="addcancelbutton" EditGroup="Button" active="True" AdminOnly="False" Authorable="false" Caption="Add REset Button (deprecated)" DeveloperOnly="False" EditSortPriority="1150" FieldType="Boolean" HTMLContent="False" IndexColumn="0" IndexSortDirection="" IndexSortOrder="0" IndexWidth="0" RedirectID="0" RedirectPath="" Required="False" TextBuffered="False" UniqueName="False" DefaultValue="1" RSSTitle="False" RSSDescription="False" MemberSelectGroup="" EditTab="" Scramble="False" LookupList="" NotEditable="False" Password="False" ReadOnly="False" ManyToManyRulePrimaryField="" ManyToManyRuleSecondaryField="" IsModified="False" IsBaseField="False" LookupContent="" RedirectContent="" ManyToManyContent="" ManyToManyRuleContent="" >
			<HelpDefault>
				<![CDATA[If checked, a reset button is added to this form to clear the input and take the user back to the first page.]]>
			</HelpDefault>
		</Field>
		<Field Name="cancelbuttonname" EditGroup="Button" active="True" AdminOnly="False" Authorable="false" Caption="Reset Button (deprecated)" DeveloperOnly="False" EditSortPriority="1200" FieldType="Text" HTMLContent="False" IndexColumn="-1" IndexSortDirection="" IndexSortOrder="0" IndexWidth="0" RedirectID="" RedirectPath="" Required="False" TextBuffered="False" UniqueName="False" DefaultValue="Reset" RSSTitle="False" RSSDescription="False" MemberSelectGroup="" EditTab="" Scramble="False" LookupList="" NotEditable="False" Password="False" ReadOnly="False" ManyToManyRulePrimaryField="" ManyToManyRuleSecondaryField="" IsModified="False" IsBaseField="False" LookupContent="" RedirectContent="" ManyToManyContent="" ManyToManyRuleContent="" >
			<HelpDefault>
				<![CDATA[The text that appears on the Reset button.]]>
			</HelpDefault>
		</Field>
		<Field Name="backbuttonname" EditGroup="Button" active="True" AdminOnly="False" Authorable="false" Caption="Back Button Name (deprecated)" DeveloperOnly="False" EditSortPriority="1210" FieldType="Text" HTMLContent="False" IndexColumn="-1" IndexSortDirection="" IndexSortOrder="0" IndexWidth="0" RedirectID="" RedirectPath="" Required="False" TextBuffered="False" UniqueName="False" DefaultValue="Back" RSSTitle="False" RSSDescription="False" MemberSelectGroup="" EditTab="" Scramble="False" LookupList="" NotEditable="False" Password="False" ReadOnly="False" ManyToManyRulePrimaryField="" ManyToManyRuleSecondaryField="" IsModified="False" IsBaseField="False" LookupContent="" RedirectContent="" ManyToManyContent="" ManyToManyRuleContent="">
			<HelpDefault>
				<![CDATA[Optional, the text that appears on the back button.]]>
			</HelpDefault>
		</Field>
		<Field Name="continuebuttonname" EditGroup="Button" active="True" AdminOnly="False" Authorable="false" Caption="Continue Button Name (deprecated)" DeveloperOnly="False" EditSortPriority="1300" FieldType="Text" HTMLContent="False" IndexColumn="-1" IndexSortDirection="" IndexSortOrder="0" IndexWidth="0" RedirectID="" RedirectPath="" Required="False" TextBuffered="False" UniqueName="False" DefaultValue="Continue" RSSTitle="False" RSSDescription="False" MemberSelectGroup="" EditTab="" Scramble="False" LookupList="" NotEditable="False" Password="False" ReadOnly="False" ManyToManyRulePrimaryField="" ManyToManyRuleSecondaryField="" IsModified="False" IsBaseField="False" LookupContent="" RedirectContent="" ManyToManyContent="" ManyToManyRuleContent="" >
			<HelpDefault>
				<![CDATA[Optional. If the form includes mulitple pages, this is the name of the button that moves forward between pages.]]>
			</HelpDefault>
		</Field>
		<Field Name="submitbuttonname" EditGroup="Button" active="True" AdminOnly="False" Authorable="false" Caption="Submit Button Name (deprecated)" DeveloperOnly="False" EditSortPriority="1310" FieldType="Text" HTMLContent="False" IndexColumn="-1" IndexSortDirection="" IndexSortOrder="0" IndexWidth="0" RedirectID="" RedirectPath="" Required="False" TextBuffered="False" UniqueName="False" DefaultValue="Continue" RSSTitle="False" RSSDescription="False" MemberSelectGroup="" EditTab="" Scramble="False" LookupList="" NotEditable="False" Password="False" ReadOnly="False" ManyToManyRulePrimaryField="" ManyToManyRuleSecondaryField="" IsModified="False" IsBaseField="False" LookupContent="" RedirectContent="" ManyToManyContent="" ManyToManyRuleContent="" >
			<HelpDefault>
				<![CDATA[Optional. The name of the button that submits the completed form.]]>
			</HelpDefault>
		</Field>
		<Field Name="saveCustomContent" active="True" AdminOnly="true" Authorable="false" Caption="Custom Content (deprecated)" DeveloperOnly="False" EditSortPriority="1430" FieldType="Text" HTMLContent="False" IndexColumn="0" IndexSortDirection="" IndexSortOrder="0" IndexWidth="0" RedirectID="0" RedirectPath="" Required="False" TextBuffered="False" UniqueName="False" DefaultValue="" RSSTitle="False" RSSDescription="False" MemberSelectGroup="" EditTab="" Scramble="False" LookupList="" NotEditable="False" Password="False" ReadOnly="False" ManyToManyRulePrimaryField="" ManyToManyRuleSecondaryField="" IsModified="False" IsBaseField="False" LookupContent="" RedirectContent="" ManyToManyContent="" ManyToManyRuleContent="" >
			<HelpDefault>
				<![CDATA[If How to Save Data is set to Custom Content, enter the name of the content here. If it does not exist it will be added.]]>
			</HelpDefault>
		</Field>
		<Field Name="nextformid" active="True" AdminOnly="False" Authorable="false" Caption="Next Form (deprecated)" DeveloperOnly="False" EditSortPriority="1500" FieldType="Lookup" HTMLContent="False" IndexColumn="-1" IndexSortDirection="" IndexSortOrder="0" IndexWidth="0" RedirectID="" RedirectPath="" Required="False" TextBuffered="False" UniqueName="False" DefaultValue="" RSSTitle="False" RSSDescription="False" MemberSelectGroup="" EditTab="" Scramble="False" LookupList="" NotEditable="False" Password="False" ReadOnly="False" ManyToManyRulePrimaryField="" ManyToManyRuleSecondaryField="" IsModified="False" IsBaseField="False" LookupContent="Form Pages" RedirectContent="" ManyToManyContent="" ManyToManyRuleContent="" >
				<HelpDefault>
				<![CDATA[The name of the next form in the form set.]]>
			</HelpDefault>
		</Field>
		<Field Name="addcontinuebutton" active="True" AdminOnly="False" Authorable="false" Caption="Add Continue Button (deprecated)" DeveloperOnly="False" EditSortPriority="1250" FieldType="Boolean" HTMLContent="False" IndexColumn="0" IndexSortDirection="" IndexSortOrder="0" IndexWidth="0" RedirectID="0" RedirectPath="" Required="False" TextBuffered="False" UniqueName="False" DefaultValue="1" RSSTitle="False" RSSDescription="False" MemberSelectGroup="" EditTab="" Scramble="False" LookupList="" NotEditable="False" Password="False" ReadOnly="False" ManyToManyRulePrimaryField="" ManyToManyRuleSecondaryField="" IsModified="False" IsBaseField="False" LookupContent="" RedirectContent="" ManyToManyContent="" ManyToManyRuleContent="" >
			<HelpDefault>
				<![CDATA[If checked, a continue button is added to this form to take the user to the next form in the FormSet.]]>
			</HelpDefault>
		</Field>
		<Field Name="addbackbutton" active="True" AdminOnly="False" Authorable="false" Caption="Add Back Button (deprecated)" DeveloperOnly="False" EditSortPriority="1050" FieldType="Boolean" HTMLContent="False" IndexColumn="0" IndexSortDirection="" IndexSortOrder="0" IndexWidth="0" RedirectID="0" RedirectPath="" Required="False" TextBuffered="False" UniqueName="False" DefaultValue="1" RSSTitle="False" RSSDescription="False" MemberSelectGroup="" EditTab="" Scramble="False" LookupList="" NotEditable="False" Password="False" ReadOnly="False" ManyToManyRulePrimaryField="" ManyToManyRuleSecondaryField="" IsModified="False" IsBaseField="False" LookupContent="" RedirectContent="" ManyToManyContent="" ManyToManyRuleContent="" >
			<HelpDefault>
				<![CDATA[If checked, a back button is added to this form to take the user to the previous form in a multi-page FormSet.]]>
			</HelpDefault>
		</Field>
		<Field Name="authcontent" active="True" AdminOnly="true" Authorable="false" Caption="Auth Content To Use (deprecated)" DeveloperOnly="False" EditSortPriority="1430" FieldType="Lookup" HTMLContent="False" IndexColumn="0" IndexSortDirection="" IndexSortOrder="0" IndexWidth="0" RedirectID="0" RedirectPath="" Required="False" TextBuffered="False" UniqueName="False" DefaultValue="" RSSTitle="False" RSSDescription="False" MemberSelectGroup="" EditTab="" Scramble="False" LookupList="" NotEditable="False" Password="False" ReadOnly="False" ManyToManyRulePrimaryField="" ManyToManyRuleSecondaryField="" IsModified="False" IsBaseField="False" LookupContent="Content" RedirectContent="" ManyToManyContent="" ManyToManyRuleContent="" ></Field>
		<Field Name="useauthmembercontent" active="True" AdminOnly="true" Authorable="false" Caption="Use Auth Member Content (deprecated)" DeveloperOnly="False" EditSortPriority="1420" FieldType="Boolean" HTMLContent="False" IndexColumn="0" IndexSortDirection="" IndexSortOrder="0" IndexWidth="0" RedirectID="0" RedirectPath="" Required="False" TextBuffered="False" UniqueName="False" DefaultValue="0" RSSTitle="False" RSSDescription="False" MemberSelectGroup="" EditTab="" Scramble="False" LookupList="" NotEditable="False" Password="False" ReadOnly="False" ManyToManyRulePrimaryField="" ManyToManyRuleSecondaryField="" IsModified="False" IsBaseField="False" LookupContent="" RedirectContent="" ManyToManyContent="" ManyToManyRuleContent="" ></Field>
		<Field Name="useauthorgcontent" active="True" AdminOnly="true" Authorable="false" Caption="Use Auth Organization Content (deprecated)" DeveloperOnly="False" EditSortPriority="1430" FieldType="Boolean" HTMLContent="False" IndexColumn="0" IndexSortDirection="" IndexSortOrder="0" IndexWidth="0" RedirectID="0" RedirectPath="" Required="False" TextBuffered="False" UniqueName="False" DefaultValue="0" RSSTitle="False" RSSDescription="False" MemberSelectGroup="" EditTab="" Scramble="False" LookupList="" NotEditable="False" Password="False" ReadOnly="False" ManyToManyRulePrimaryField="" ManyToManyRuleSecondaryField="" IsModified="False" IsBaseField="False" LookupContent="" RedirectContent="" ManyToManyContent="" ManyToManyRuleContent="" ></Field>
		<Field Name="htmlbody" active="True" AdminOnly="true" Authorable="false" Caption="HTML Body (deprecated)" DeveloperOnly="False" EditSortPriority="9999" FieldType="HTML" HTMLContent="True" IndexColumn="-1" IndexSortDirection="" IndexSortOrder="0" IndexWidth="0" RedirectID="" RedirectPath="" Required="False" TextBuffered="False" UniqueName="False" DefaultValue="" RSSTitle="False" RSSDescription="False" MemberSelectGroup="" EditTab="" Scramble="False" LookupList="" NotEditable="False" Password="False" ReadOnly="False" ManyToManyRulePrimaryField="" ManyToManyRuleSecondaryField="" IsModified="False" IsBaseField="False" LookupContent="" RedirectContent="" ManyToManyContent="" ManyToManyRuleContent="" ></Field>
		<Field Name="contentid" active="True" AdminOnly="true" Authorable="false" Caption="Content (deprecated)" DeveloperOnly="False" EditSortPriority="1400" FieldType="Lookup" HTMLContent="False" IndexColumn="20" IndexSortDirection="" IndexSortOrder="99" IndexWidth="20" RedirectID="" RedirectPath="" Required="False" TextBuffered="False" UniqueName="False" DefaultValue="" RSSTitle="False" RSSDescription="False" MemberSelectGroup="" EditTab="" Scramble="False" LookupList="" NotEditable="False" Password="False" ReadOnly="False" ManyToManyRulePrimaryField="" ManyToManyRuleSecondaryField="" IsModified="False" IsBaseField="False" LookupContent="Content" RedirectContent="" ManyToManyContent="" ManyToManyRuleContent="" ></Field>
		<Field Name="newcontentname" active="True" AdminOnly="true" Authorable="false" Caption="New Content Name (deprecated)" DeveloperOnly="False" EditSortPriority="1410" FieldType="Text" HTMLContent="False" IndexColumn="0" IndexSortDirection="" IndexSortOrder="99" IndexWidth="0" RedirectID="0" RedirectPath="" Required="False" TextBuffered="False" UniqueName="False" DefaultValue="" RSSTitle="False" RSSDescription="False" MemberSelectGroup="" EditTab="" Scramble="False" LookupList="" NotEditable="False" Password="False" ReadOnly="False" ManyToManyRulePrimaryField="" ManyToManyRuleSecondaryField="" IsModified="False" IsBaseField="False" LookupContent="" RedirectContent="" ManyToManyContent="" ManyToManyRuleContent="" ></Field>
	</CDef>
  	<CDef Name="Form Response" NavTypeId="Content" AddonCategoryId="" ActiveOnly="1" AdminOnly="0" AliasID="id" AliasName="name" AllowAdd="1" AllowContentTracking="0" AllowDelete="1" AllowTopicRules="0" AllowWorkflowAuthoring="0" AuthoringDataSourceName="DEFAULT" AuthoringTableName="ccFormResponse" ContentDataSourceName="DEFAULT" ContentTableName="ccFormResponse" DefaultSortMethod="By Name" DeveloperOnly="0" DropDownFieldList="NAME" EditorGroupName="" Parent="" AllowContentChildTool="0" NavIconType="Content" IconLink="" IconWidth="" IconHeight="" IconSprites="" Guid="{F72AD8B7-58A0-4AF9-9C7D-E3E67A4EFC53}">
    <Field Name="name" Active="true" AdminOnly="0" Authorable="1" Caption="Name" DeveloperOnly="0" EditSortPriority="1000" FieldType="Text" HtmlContent="0" IndexColumn="1" IndexSortDirection="0" IndexSortOrder="0" IndexWidth="80" LookupContent="" NotEditable="1" Password="0" ReadOnly="0" RedirectContent="" RedirectId="" RedirectPath="" Required="0" TextBuffered="0" UniqueName="0" DefaultValue="" RSSTitle="" RSSDescription="" MemberSelectGroup="" EditGroup="" EditTab="" Scramble="0" LookupList="" ManyToManyContent="" ManyToManyRuleContent="" ManyToManyRulePrimaryField="" ManyToManyRuleSecondaryField="">
      <HelpDefault><![CDATA[ ]]></HelpDefault>
    </Field>
    <Field Name="copy" Active="true" AdminOnly="0" Authorable="1" Caption="Response" DeveloperOnly="0" EditSortPriority="1010" FieldType="LongText" HtmlContent="0" IndexColumn="99" IndexSortDirection="0" IndexSortOrder="0" IndexWidth="0" LookupContent="" NotEditable="1" Password="0" ReadOnly="0" RedirectContent="" RedirectId="" RedirectPath="" Required="0" TextBuffered="0" UniqueName="0" DefaultValue="" RSSTitle="" RSSDescription="" MemberSelectGroup="" EditGroup="" EditTab="" Scramble="0" LookupList="" ManyToManyContent="" ManyToManyRuleContent="" ManyToManyRulePrimaryField="" ManyToManyRuleSecondaryField="">
      <HelpDefault><![CDATA[ ]]></HelpDefault>
    </Field>
    <Field Name="dateSubmitted" Active="true" AdminOnly="0" Authorable="1" Caption="Date Submitted" DeveloperOnly="0" EditSortPriority="1020" FieldType="Date" HtmlContent="0" IndexColumn="0" IndexSortDirection="-1" IndexSortOrder="1" IndexWidth="20" LookupContent="" NotEditable="0" Password="0" ReadOnly="1" RedirectContent="" RedirectId="" RedirectPath="" Required="0" TextBuffered="0" UniqueName="0" DefaultValue="" RSSTitle="" RSSDescription="" MemberSelectGroup="" EditGroup="" EditTab="" Scramble="0" LookupList="" ManyToManyContent="" ManyToManyRuleContent="" ManyToManyRulePrimaryField="" ManyToManyRuleSecondaryField="">
      <HelpDefault><![CDATA[ ]]></HelpDefault>
    </Field>
    <Field Name="formResponseData" Active="true" AdminOnly="0" Authorable="1" Caption="Form Response Data" DeveloperOnly="0" EditSortPriority="100" FieldType="LongText" HtmlContent="0" IndexColumn="99" IndexSortDirection="0" IndexSortOrder="0" IndexWidth="0" LookupContent="" NotEditable="0" Password="0" ReadOnly="0" RedirectContent="" RedirectId="" RedirectPath="" Required="0" TextBuffered="0" UniqueName="0" DefaultValue="" RSSTitle="" RSSDescription="" MemberSelectGroup="" EditGroup="" EditTab="Tracking" Scramble="0" LookupList="" ManyToManyContent="" ManyToManyRuleContent="" ManyToManyRulePrimaryField="" ManyToManyRuleSecondaryField="">
      <HelpDefault><![CDATA[ ]]></HelpDefault>
    </Field>
    <Field Name="visitID" Active="true" AdminOnly="0" Authorable="1" Caption="Visit ID" DeveloperOnly="0" EditSortPriority="2000" FieldType="Integer" HtmlContent="0" IndexColumn="99" IndexSortDirection="0" IndexSortOrder="0" IndexWidth="0" LookupContent="" NotEditable="0" Password="0" ReadOnly="0" RedirectContent="" RedirectId="" RedirectPath="" Required="0" TextBuffered="0" UniqueName="0" DefaultValue="" RSSTitle="" RSSDescription="" MemberSelectGroup="" EditGroup="" EditTab="Tracking" Scramble="0" LookupList="" ManyToManyContent="" ManyToManyRuleContent="" ManyToManyRulePrimaryField="" ManyToManyRuleSecondaryField="">
      <HelpDefault><![CDATA[ ]]></HelpDefault>
    </Field>
	<Field Name="formWidget" Active="true" AdminOnly="0" Authorable="1" Caption="Form Widget" DeveloperOnly="0" EditSortPriority="2000" FieldType="Lookup" HtmlContent="0" IndexColumn="99" IndexSortDirection="0" IndexSortOrder="0" IndexWidth="0" LookupContent="Form Widgets" NotEditable="0" Password="0" ReadOnly="0" RedirectContent="" RedirectId="" RedirectPath="" Required="0" TextBuffered="0" UniqueName="0" DefaultValue="" RSSTitle="" RSSDescription="" MemberSelectGroup="" EditGroup="" EditTab="Tracking" Scramble="0" LookupList="" ManyToManyContent="" ManyToManyRuleContent="" ManyToManyRulePrimaryField="" ManyToManyRuleSecondaryField="">
      <HelpDefault><![CDATA[ The form widget that was submitted ]]></HelpDefault>
    </Field>
    <Field Name="memberId" Active="true" AdminOnly="0" Authorable="1" Caption="Member ID" DeveloperOnly="0" EditSortPriority="3000" FieldType="Integer" HtmlContent="0" IndexColumn="99" IndexSortDirection="0" IndexSortOrder="0" IndexWidth="0" LookupContent="" NotEditable="0" Password="0" ReadOnly="0" RedirectContent="" RedirectId="" RedirectPath="" Required="0" TextBuffered="0" UniqueName="0" DefaultValue="" RSSTitle="" RSSDescription="" MemberSelectGroup="" EditGroup="" EditTab="Tracking" Scramble="0" LookupList="" ManyToManyContent="" ManyToManyRuleContent="" ManyToManyRulePrimaryField="" ManyToManyRuleSecondaryField="">
      <HelpDefault><![CDATA[ ]]></HelpDefault>
    </Field>
  	</CDef>
	<CDef Name="Application Views" NavTypeId="" AddonCategoryId="" ActiveOnly="1" AdminOnly="0" AliasID="id" AliasName="name" AllowAdd="1" AllowContentTracking="0" AllowDelete="1" AllowTopicRules="0" AllowWorkflowAuthoring="0" AuthoringDataSourceName="DEFAULT" AuthoringTableName="applicationViews" ContentDataSourceName="DEFAULT" ContentTableName="applicationViews" DefaultSortMethod="By Name" DeveloperOnly="0" DropDownFieldList="NAME" EditorGroupName="" Parent="" AllowContentChildTool="0" NavIconType="Content" IconLink="" IconWidth="" IconHeight="" IconSprites="" Guid="{CD7AD74F-4A2E-462F-B601-4A4EFD91788B}">
		<Field Name="responseViewed" Active="true" AdminOnly="0" Authorable="1" Caption="Response Viewed" DeveloperOnly="0" EditSortPriority="1000" FieldType="Lookup" HtmlContent="0" IndexColumn="1" IndexSortDirection="0" IndexSortOrder="0" IndexWidth="80" LookupContent="Form Response" NotEditable="1" Password="0" ReadOnly="0" RedirectContent="" RedirectId="" RedirectPath="" Required="0" TextBuffered="0" UniqueName="0" DefaultValue="" RSSTitle="" RSSDescription="" MemberSelectGroup="" EditGroup="" EditTab="" Scramble="0" LookupList="" ManyToManyContent="" ManyToManyRuleContent="" ManyToManyRulePrimaryField="" ManyToManyRuleSecondaryField="">
		<HelpDefault><![CDATA[ ]]></HelpDefault>
		</Field>
		<Field Name="viewer" Active="true" AdminOnly="0" Authorable="1" Caption="Viewer" DeveloperOnly="0" EditSortPriority="1010" FieldType="Lookup" HtmlContent="0" IndexColumn="99" IndexSortDirection="0" IndexSortOrder="0" IndexWidth="0" LookupContent="People" NotEditable="1" Password="0" ReadOnly="0" RedirectContent="" RedirectId="" RedirectPath="" Required="0" TextBuffered="0" UniqueName="0" DefaultValue="" RSSTitle="" RSSDescription="" MemberSelectGroup="" EditGroup="" EditTab="" Scramble="0" LookupList="" ManyToManyContent="" ManyToManyRuleContent="" ManyToManyRulePrimaryField="" ManyToManyRuleSecondaryField="">
		<HelpDefault><![CDATA[ ]]></HelpDefault>
		</Field>
		<Field Name="dateViewed" Active="true" AdminOnly="0" Authorable="1" Caption="Date Viewed" DeveloperOnly="0" EditSortPriority="1020" FieldType="Date" HtmlContent="0" IndexColumn="0" IndexSortDirection="-1" IndexSortOrder="1" IndexWidth="20" LookupContent="" NotEditable="0" Password="0" ReadOnly="1" RedirectContent="" RedirectId="" RedirectPath="" Required="0" TextBuffered="0" UniqueName="0" DefaultValue="" RSSTitle="" RSSDescription="" MemberSelectGroup="" EditGroup="" EditTab="" Scramble="0" LookupList="" ManyToManyContent="" ManyToManyRuleContent="" ManyToManyRulePrimaryField="" ManyToManyRuleSecondaryField="">
		<HelpDefault><![CDATA[ ]]></HelpDefault>
		</Field>    
  	</CDef>
	<CDef Name="Application Score Widgets" Active="1" AdminOnly="0" AllowAdd="1" AllowCalendarEvents="0" AllowContentChildTool="0" AllowContentTracking="0" AllowDelete="1" AllowMetaContent="" AllowTopicRules="0" AllowWorkflowAuthoring="0" AuthoringDataSourceName="Default" AuthoringTableName="ccApplicationScoreWidgets" ContentDataSourceName="Default" ContentTableName="ccApplicationScoreWidgets" DefaultSortMethod="By Name" DeveloperOnly="0" DropDownFieldList="NAME" EditorGroupName="" Parent="" IconLink="" IconHeight="0" IconWidth="0" IconSprites="0" isbasecontent="0" guid="{76671AFF-3A3E-4979-9D2D-45D6B0071F6C}" >
		<Field Name="name" active="True" AdminOnly="False" Authorable="True" Caption="Form Name" DeveloperOnly="False" EditSortPriority="110" FieldType="Text" HTMLContent="False" IndexColumn="0" IndexSortDirection="" IndexSortOrder="99" IndexWidth="50" RedirectID="0" RedirectPath="" Required="False" TextBuffered="False" UniqueName="False" DefaultValue="" RSSTitle="False" RSSDescription="False" MemberSelectGroup="" EditTab="" Scramble="False" LookupList="" NotEditable="False" Password="False" ReadOnly="False" ManyToManyRulePrimaryField="" ManyToManyRuleSecondaryField="" IsModified="False" IsBaseField="False" LookupContent="" RedirectContent="" ManyToManyContent="" ManyToManyRuleContent="" >
			<HelpDefault>
				<![CDATA[Optional. Not visible on the website. Use to identify this form set in a list.]]>
			</HelpDefault>
		</Field>		
		<Field Name="formid" active="True" AdminOnly="False" Authorable="True" Caption="Form Widget" DeveloperOnly="False" EditSortPriority="1000" FieldType="Lookup" HTMLContent="False" IndexColumn="0" IndexSortDirection="" IndexSortOrder="99" IndexWidth="20" RedirectID="" RedirectPath="" Required="False" TextBuffered="False" UniqueName="False" DefaultValue="" RSSTitle="False" RSSDescription="False" MemberSelectGroup="" EditTab="" Scramble="False" LookupList="" NotEditable="False" Password="False" ReadOnly="False" ManyToManyRulePrimaryField="" ManyToManyRuleSecondaryField="" IsModified="False" IsBaseField="False" LookupContent="Form Widgets" RedirectContent="" ManyToManyContent="" ManyToManyRuleContent="" >
			<HelpDefault>
				<![CDATA[The form that this widget keeps track of.]]>
			</HelpDefault>
		</Field>		
		<Field Name="groupAllowedToScore" active="True" AdminOnly="False" Authorable="True" Caption="Group allowed to submit scores" DeveloperOnly="False" EditSortPriority="1000" FieldType="Lookup" HTMLContent="False" IndexColumn="-1" IndexSortDirection="" IndexSortOrder="0" IndexWidth="0" RedirectID="" RedirectPath="" Required="False" TextBuffered="False" UniqueName="False" DefaultValue="0" RSSTitle="False" RSSDescription="False" MemberSelectGroup="" EditTab="" Scramble="False" LookupList="" NotEditable="False" Password="False" ReadOnly="False" ManyToManyRulePrimaryField="" ManyToManyRuleSecondaryField="" IsModified="False" IsBaseField="False" LookupContent="Groups" RedirectContent="" ManyToManyContent="" ManyToManyRuleContent="" >
			<HelpDefault>
				<![CDATA[Optional. When set, only members of this group will be allowed to score this application]]>
			</HelpDefault>
		</Field>
		<Field Name="scoringInstructions" active="True" AdminOnly="False" Authorable="True" Caption="Scoring Instructions" DeveloperOnly="False" EditSortPriority="110" FieldType="Html" HTMLContent="False" IndexColumn="0" IndexSortDirection="" IndexSortOrder="99" IndexWidth="50" RedirectID="0" RedirectPath="" Required="False" TextBuffered="False" UniqueName="False" DefaultValue="" RSSTitle="False" RSSDescription="False" MemberSelectGroup="" EditTab="" Scramble="False" LookupList="" NotEditable="False" Password="False" ReadOnly="False" ManyToManyRulePrimaryField="" ManyToManyRuleSecondaryField="" IsModified="False" IsBaseField="False" LookupContent="" RedirectContent="" ManyToManyContent="" ManyToManyRuleContent="" >
			<HelpDefault>
				<![CDATA[Instructions that appear at the bottom of the Application Score Widget]]>
			</HelpDefault>
		</Field>
		<Field Name="scoringInstructionsTopOfApplication" active="True" AdminOnly="False" Authorable="True" Caption="Scoring Instructions Top of Application" DeveloperOnly="False" EditSortPriority="110" FieldType="Html" HTMLContent="False" IndexColumn="0" IndexSortDirection="" IndexSortOrder="99" IndexWidth="50" RedirectID="0" RedirectPath="" Required="False" TextBuffered="False" UniqueName="False" DefaultValue="" RSSTitle="False" RSSDescription="False" MemberSelectGroup="" EditTab="" Scramble="False" LookupList="" NotEditable="False" Password="False" ReadOnly="False" ManyToManyRulePrimaryField="" ManyToManyRuleSecondaryField="" IsModified="False" IsBaseField="False" LookupContent="" RedirectContent="" ManyToManyContent="" ManyToManyRuleContent="" >
			<HelpDefault>
				<![CDATA[Instructions that appear at the top of the Application]]>
			</HelpDefault>
		</Field>
		<Field Name="header" active="True" AdminOnly="False" Authorable="True" Caption="Header" DeveloperOnly="False" EditSortPriority="110" FieldType="Text" HTMLContent="False" IndexColumn="0" IndexSortDirection="" IndexSortOrder="99" IndexWidth="50" RedirectID="0" RedirectPath="" Required="False" TextBuffered="False" UniqueName="False" DefaultValue="" RSSTitle="False" RSSDescription="False" MemberSelectGroup="" EditTab="" Scramble="False" LookupList="" NotEditable="False" Password="False" ReadOnly="False" ManyToManyRulePrimaryField="" ManyToManyRuleSecondaryField="" IsModified="False" IsBaseField="False" LookupContent="" RedirectContent="" ManyToManyContent="" ManyToManyRuleContent="" >
			<HelpDefault>
				<![CDATA[Text that appears at the top of the widget]]>
			</HelpDefault>
		</Field>
		<!-- 
			feature
		-->
		
		<!-- 
		base common fields
		-->
		<Field Name="padtop" Caption="Top Padding" EditGroup="Padding" EditTab="Styles" FieldType="Boolean" Authorable="True" EditSortPriority="2000" DefaultValue="1" active="True" AdminOnly="False" DeveloperOnly="False" HTMLContent="False" Required="False" TextBuffered="False" UniqueName="False" RSSTitle="False" RSSDescription="False" MemberSelectGroup="" Scramble="False" LookupList="" NotEditable="False" Password="False" ReadOnly="False" ManyToManyRulePrimaryField="" ManyToManyRuleSecondaryField="" IsModified="False" IndexColumn="0" IndexSortDirection="" IndexSortOrder="0" IndexWidth="0" RedirectID="" RedirectPath="" IsBaseField="False" LookupContent="" RedirectContent="" ManyToManyContent="" ManyToManyRuleContent="" >
			<HelpDefault><![CDATA[Add space between the edge of the block and the content.]]></HelpDefault>
		</Field>
		<Field Name="padright" Caption="Right Padding" EditGroup="Padding" EditTab="Styles" FieldType="Boolean" Authorable="True" EditSortPriority="2010" DefaultValue="0" active="True" AdminOnly="False" DeveloperOnly="False" HTMLContent="False" Required="False" TextBuffered="False" UniqueName="False" RSSTitle="False" RSSDescription="False" MemberSelectGroup="" Scramble="False" LookupList="" NotEditable="False" Password="False" ReadOnly="False" ManyToManyRulePrimaryField="" ManyToManyRuleSecondaryField="" IsModified="False" IndexColumn="0" IndexSortDirection="" IndexSortOrder="0" IndexWidth="0" RedirectID="" RedirectPath="" IsBaseField="False" LookupContent="" RedirectContent="" ManyToManyContent="" ManyToManyRuleContent="" >
			<HelpDefault><![CDATA[Add space between the edge of the block and the content.]]></HelpDefault>
		</Field>
		<Field Name="padbottom" Caption="Bottom Padding" EditGroup="Padding" EditTab="Styles" FieldType="Boolean" Authorable="True" EditSortPriority="2020" DefaultValue="0" active="True" AdminOnly="False" DeveloperOnly="False" HTMLContent="False" Required="False" TextBuffered="False" UniqueName="False" RSSTitle="False" RSSDescription="False" MemberSelectGroup="" Scramble="False" LookupList="" NotEditable="False" Password="False" ReadOnly="False" ManyToManyRulePrimaryField="" ManyToManyRuleSecondaryField="" IsModified="False" IndexColumn="0" IndexSortDirection="" IndexSortOrder="0" IndexWidth="0" RedirectID="" RedirectPath="" IsBaseField="False" LookupContent="" RedirectContent="" ManyToManyContent="" ManyToManyRuleContent="" >
			<HelpDefault><![CDATA[Add space between the edge of the block and the content.]]></HelpDefault>
		</Field>
		<Field Name="padleft" Caption="Left Padding" EditGroup="Padding" EditTab="Styles" FieldType="Boolean" Authorable="True" EditSortPriority="2030" DefaultValue="0" active="True" AdminOnly="False" DeveloperOnly="False" HTMLContent="False" Required="False" TextBuffered="False" UniqueName="False" RSSTitle="False" RSSDescription="False" MemberSelectGroup="" Scramble="False" LookupList="" NotEditable="False" Password="False" ReadOnly="False" ManyToManyRulePrimaryField="" ManyToManyRuleSecondaryField="" IsModified="False" IndexColumn="0" IndexSortDirection="" IndexSortOrder="0" IndexWidth="0" RedirectID="" RedirectPath="" IsBaseField="False" LookupContent="" RedirectContent="" ManyToManyContent="" ManyToManyRuleContent="" >
			<HelpDefault><![CDATA[Add space between the edge of the block and the content.]]></HelpDefault>
		</Field>
		<Field Name="backgroundimagefilename" Caption="Background Image" EditGroup="Background" EditTab="Background" FieldType="Image" Authorable="True" EditSortPriority="2040" DefaultValue="" active="True" AdminOnly="False" DeveloperOnly="False" HTMLContent="False" Required="False" TextBuffered="False" UniqueName="False" RSSTitle="False" RSSDescription="False" MemberSelectGroup="" Scramble="False" LookupList="" NotEditable="False" Password="False" ReadOnly="False" ManyToManyRulePrimaryField="" ManyToManyRuleSecondaryField="" IsModified="False" IndexColumn="0" IndexSortDirection="" IndexSortOrder="0" IndexWidth="0" RedirectID="" RedirectPath="" IsBaseField="False" LookupContent="" RedirectContent="" ManyToManyContent="" ManyToManyRuleContent="" >
			<HelpDefault><![CDATA[Add a background image to the design block. It will be reduced in size to cover the entire background.]]></HelpDefault>
		</Field>
		<Field Name="asfullbleed" Caption="Include Margins for Content" EditGroup="Padding"  EditTab="Styles" FieldType="Boolean" Authorable="True" EditSortPriority="2050" DefaultValue="1" active="True" AdminOnly="False" DeveloperOnly="False" HTMLContent="False" Required="False" TextBuffered="False" UniqueName="False" RSSTitle="False" RSSDescription="False" MemberSelectGroup="" Scramble="False" LookupList="" NotEditable="False" Password="False" ReadOnly="False" ManyToManyRulePrimaryField="" ManyToManyRuleSecondaryField="" IsModified="False" IndexColumn="0" IndexSortDirection="" IndexSortOrder="0" IndexWidth="0" RedirectID="" RedirectPath="" IsBaseField="False" LookupContent="" RedirectContent="" ManyToManyContent="" ManyToManyRuleContent="" >
			<HelpDefault><![CDATA[When not checked, the content always extends to the right and left edge of the widget. When checked, a margin on the right and left is created for wide screens. The design block background will still extend to the edge of the widget. Some templates may include their own right and left margin.]]></HelpDefault>
		</Field>
		<Field Name="styleheight" Caption="Height (with units)" EditGroup="Styles"  EditTab="Styles" FieldType="Text" Authorable="True" EditSortPriority="3000" DefaultValue="" active="True" AdminOnly="False" DeveloperOnly="False" HTMLContent="False" Required="False" TextBuffered="False" UniqueName="False" RSSTitle="False" RSSDescription="False" MemberSelectGroup="" Scramble="False" LookupList="" NotEditable="False" Password="False" ReadOnly="False" ManyToManyRulePrimaryField="" ManyToManyRuleSecondaryField="" IsModified="False" IndexColumn="0" IndexSortDirection="" IndexSortOrder="0" IndexWidth="" RedirectID="" RedirectPath="" IsBaseField="False" LookupContent="" RedirectContent="" ManyToManyContent="" ManyToManyRuleContent="" >
			<HelpDefault><![CDATA[Optional. Set a style height and the design block will be forced this this height. Include both the number and the units, like 500px or 20em.]]></HelpDefault>
		</Field>
		<Field Name="themestyleid" Caption="Layout Wrapper Class" EditGroup="Styles"  EditTab="Styles" FieldType="Lookup" Authorable="True" EditSortPriority="4020" DefaultValue="" active="True" AdminOnly="False" DeveloperOnly="False" HTMLContent="False" Required="False" TextBuffered="False" UniqueName="False" RSSTitle="False" RSSDescription="False" MemberSelectGroup="" Scramble="False" LookupList="" NotEditable="False" Password="False" ReadOnly="False" ManyToManyRulePrimaryField="" ManyToManyRuleSecondaryField="" IsModified="False" IndexColumn="0" IndexSortDirection="" IndexSortOrder="0" IndexWidth="0" RedirectID="" RedirectPath="" IsBaseField="False" LookupContent="Design Block Themes" RedirectContent="" ManyToManyContent="" ManyToManyRuleContent="" >
			<HelpDefault><![CDATA[Optional. Select a css class selector to be added to the block's wrapper. Use this feature to customize the layout styles. To add a custom style, add the css class selector in the content 'Design Block Themes' and add the css code to the style sheet in the site's theme addon.]]></HelpDefault>
		</Field>
		<!--
			deprecate
		-->
		<Field Name="fontstyleid" Caption="Optional Layout Wrapper Class for Font (deprecated)" EditTab="Styles" FieldType="Integer" Authorable="False" EditSortPriority="9999" DefaultValue="" active="True" AdminOnly="False" DeveloperOnly="False" HTMLContent="False" Required="False" TextBuffered="False" UniqueName="False" RSSTitle="False" RSSDescription="False" MemberSelectGroup="" Scramble="False" LookupList="" NotEditable="False" Password="False" ReadOnly="False" ManyToManyRulePrimaryField="" ManyToManyRuleSecondaryField="" IsModified="False" IndexColumn="0" IndexSortDirection="" IndexSortOrder="0" IndexWidth="0" RedirectID="" RedirectPath="" IsBaseField="False" LookupContent="" RedirectContent="" ManyToManyContent="" ManyToManyRuleContent="" >
			<HelpDefault><![CDATA[deprecated]]></HelpDefault>
		</Field>
	</CDef>
	
	<CDef Name="Application Scores" Active="1" AdminOnly="0" AllowAdd="1" AllowCalendarEvents="0" AllowContentChildTool="0" AllowContentTracking="0" AllowDelete="1" AllowMetaContent="" AllowTopicRules="0" AllowWorkflowAuthoring="0" AuthoringDataSourceName="Default" AuthoringTableName="ccApplicationScores" ContentDataSourceName="Default" ContentTableName="ccApplicationScores" DefaultSortMethod="By Name" DeveloperOnly="0" DropDownFieldList="NAME" EditorGroupName="" Parent="" IconLink="" IconHeight="0" IconWidth="0" IconSprites="0" isbasecontent="0" guid="{7D108987-F569-40CA-B370-8117222EF854}" >
		<Field Name="scorer" active="True" AdminOnly="False" Authorable="True" Caption="Scorer" DeveloperOnly="False" EditSortPriority="1000" FieldType="Lookup" HTMLContent="False" IndexColumn="0" IndexSortDirection="" IndexSortOrder="99" IndexWidth="20" RedirectID="" RedirectPath="" Required="False" TextBuffered="False" UniqueName="False" DefaultValue="" RSSTitle="False" RSSDescription="False" MemberSelectGroup="" EditTab="" Scramble="False" LookupList="" NotEditable="False" Password="False" ReadOnly="False" ManyToManyRulePrimaryField="" ManyToManyRuleSecondaryField="" IsModified="False" IsBaseField="False" LookupContent="People" RedirectContent="" ManyToManyContent="" ManyToManyRuleContent="" >
			<HelpDefault>
				<![CDATA[The person who submitted this score]]>
			</HelpDefault>
		</Field>
		<Field Name="score" active="True" AdminOnly="False" Authorable="True" Caption="Score" DeveloperOnly="False" EditSortPriority="1000" FieldType="Integer" HTMLContent="False" IndexColumn="0" IndexSortDirection="" IndexSortOrder="99" IndexWidth="20" RedirectID="" RedirectPath="" Required="False" TextBuffered="False" UniqueName="False" DefaultValue="" RSSTitle="False" RSSDescription="False" MemberSelectGroup="" EditTab="" Scramble="False" LookupList="" NotEditable="False" Password="False" ReadOnly="False" ManyToManyRulePrimaryField="" ManyToManyRuleSecondaryField="" IsModified="False" IsBaseField="False" LookupContent="People" RedirectContent="" ManyToManyContent="" ManyToManyRuleContent="" >
			<HelpDefault>
				<![CDATA[Score submitted for this application]]>
			</HelpDefault>
		</Field>
		<Field Name="applicationFormScored" active="True" AdminOnly="False" Authorable="True" Caption="Application Form" DeveloperOnly="False" EditSortPriority="1000" FieldType="Lookup" HTMLContent="False" IndexColumn="0" IndexSortDirection="" IndexSortOrder="99" IndexWidth="20" RedirectID="" RedirectPath="" Required="False" TextBuffered="False" UniqueName="False" DefaultValue="" RSSTitle="False" RSSDescription="False" MemberSelectGroup="" EditTab="" Scramble="False" LookupList="" NotEditable="False" Password="False" ReadOnly="False" ManyToManyRulePrimaryField="" ManyToManyRuleSecondaryField="" IsModified="False" IsBaseField="False" LookupContent="Form Widgets" RedirectContent="" ManyToManyContent="" ManyToManyRuleContent="" >
			<HelpDefault>
				<![CDATA[The application Form that was scored]]>
			</HelpDefault>
		</Field>		
		<Field Name="applicationSubmittedScored" active="True" AdminOnly="False" Authorable="True" Caption="Application Submission" DeveloperOnly="False" EditSortPriority="1000" FieldType="Lookup" HTMLContent="False" IndexColumn="0" IndexSortDirection="" IndexSortOrder="99" IndexWidth="20" RedirectID="" RedirectPath="" Required="False" TextBuffered="False" UniqueName="False" DefaultValue="" RSSTitle="False" RSSDescription="False" MemberSelectGroup="" EditTab="" Scramble="False" LookupList="" NotEditable="False" Password="False" ReadOnly="False" ManyToManyRulePrimaryField="" ManyToManyRuleSecondaryField="" IsModified="False" IsBaseField="False" LookupContent="Form Response" RedirectContent="" ManyToManyContent="" ManyToManyRuleContent="" >
			<HelpDefault>
				<![CDATA[The application submission that was scored]]>
			</HelpDefault>
		</Field>
		<Field Name="comment" active="True" AdminOnly="False" Authorable="True" Caption="Comment" DeveloperOnly="False" EditSortPriority="1000" FieldType="LongText" HTMLContent="False" IndexColumn="0" IndexSortDirection="" IndexSortOrder="99" IndexWidth="20" RedirectID="" RedirectPath="" Required="False" TextBuffered="False" UniqueName="False" DefaultValue="" RSSTitle="False" RSSDescription="False" MemberSelectGroup="" EditTab="" Scramble="False" LookupList="" NotEditable="False" Password="False" ReadOnly="False" ManyToManyRulePrimaryField="" ManyToManyRuleSecondaryField="" IsModified="False" IsBaseField="False" LookupContent="" RedirectContent="" ManyToManyContent="" ManyToManyRuleContent="" >
			<HelpDefault>
				<![CDATA[Score comment]]>
			</HelpDefault>
		</Field>
	</CDef>
	
	<CDef Name="People" guid="{C1985DC4-C985-4406-9934-61A911543454}">		
	</CDef>

	
	<ImportCollection name="JQuery">{A435BF70-041B-43D1-8A8D-5D9D59A7FCD0}</ImportCollection>
	<Resource name="uiFormWizard.zip" type="files" path="formwizard" />
	<Resource name="FormResultsLayout.html" type="file" path="formwizard" />
	<Resource name="FormWizardLayout.html" type="file" path="formwizard" />
</Collection>